ID_Culture,IDf_Plant_tissue_sample,IDf_Culture_subcultured_from,IDf_Storage_location,IDf_Personnel,From_Label_ID,Label_ID,Genus,Species,Strain,Media_type,Plate_size,Location_plated,Sterilization_method_used,Date_cultured,Notes,z_RecordCreationTimestamp,z_RecordModificationTimestamp,z_RecordCreationAccount,z_RecordModificationAccount
,,,,EmmaG,FV0559,ZUSF00001,,,,V8 + 3 g/L CaCO3,35 mm,BS65124,,2017-02-16,white contaminant (bacterial?),,,,
,,,,EmmaG,FV0559,ZUSF00002,,,,V8 + 3 g/L CaCO3,35 mm,BS65124,,2017-02-16,primary fungus from 559,,,,
,,,,EmmaG,FV0457,ZUSF00003,,,,V8 + 3 g/L CaCO3,35 mm,BS65124,,2017-02-16,white contaminant (bacterial?),,,,
,,,,EmmaG,FV0457,ZUSF00004,,,,V8 + 3 g/L CaCO3,35 mm,BS65124,,2017-02-16,primary fungus from 457,,,,
,,,,EmmaG,FV0089,ZUSF00005,,,,V8 + 3 g/L CaCO3,35 mm,BS65124,,2017-02-16,,,,,
,,,,EmmaG,FV0088,ZUSF00006,,,,V8 + 3 g/L CaCO3,35 mm,BS65124,,2017-02-16,,,,,
,,,,EmmaG,FV0087,ZUSF00007,,,,V8 + 3 g/L CaCO3,35 mm,BS65124,,2017-02-16,,,,,
,,,,EmmaG,FV0086,ZUSF00008,,,,V8 + 3 g/L CaCO3,35 mm,BS65124,,2017-02-16,,,,,
,,,,EmmaG,FV0084,ZUSF00009,,,,V8 + 3 g/L CaCO3,35 mm,BS65124,,2017-02-16,,,,,
,,,,EmmaG,FV0077,ZUSF00010,,,,V8 + 3 g/L CaCO3,35 mm,BS65124,,2017-02-16,,,,,
,,,,EmmaG,FV0076,ZUSF00011,,,,V8 + 3 g/L CaCO3,35 mm,BS65124,,2017-02-16,,,,,
,,,,EmmaG,FV0073,ZUSF00012,,,,V8 + 3 g/L CaCO3,35 mm,BS65124,,2017-02-16,,,,,
,,,,EmmaG,FV0072,ZUSF00013,,,,V8 + 3 g/L CaCO3,35 mm,BS65124,,2017-02-16,,,,,
,,,,EmmaG,FV0069,ZUSF00014,,,,V8 + 3 g/L CaCO3,35 mm,BS65124,,2017-02-16,,,,,
,,,,EmmaG,FV0058,ZUSF00015,,,,V8 + 3 g/L CaCO3,35 mm,BS65124,,2017-02-17,,,,,
,,,,EmmaG,FV0060,ZUSF00016,,,,V8 + 3 g/L CaCO3,35 mm,BS65124,,2017-02-17,,,,,
,,,,EmmaG,FV0062,ZUSF00017,,,,V8 + 3 g/L CaCO3,35 mm,BS65124,,2017-02-17,,,,,
,,,,EmmaG,FV0064,ZUSF00018,,,,V8 + 3 g/L CaCO3,35 mm,BS65124,,2017-02-17,,,,,
,,,,EmmaG,FV0065,ZUSF00019,,,,V8 + 3 g/L CaCO3,35 mm,BS65124,,2017-02-17,,,,,
,,,,EmmaG,FV0228,ZUSF00020,,,,V8 + 3 g/L CaCO3,35 mm,BS65124,,2017-02-17,,,,,
,,,,EmmaG,FV0262,ZUSF00021,,,,V8 + 3 g/L CaCO3,35 mm,BS65124,,2017-02-17,"multiple individuals, only took 1",,,,
,,,,EmmaG,FV0273,ZUSF00022,,,,V8 + 3 g/L CaCO3,35 mm,BS65124,,2017-02-17,,,,,
,,,,EmmaG,FV0278,ZUSF00023,,,,V8 + 3 g/L CaCO3,35 mm,BS65124,,2017-02-17,,,,,
,,,,EmmaG,FV0225,ZUSF00024,,,,V8 + 3 g/L CaCO3,35 mm,BS65124,,2017-02-17,,,,,
,,,,EmmaG,FV0210,ZUSF00025,,,,V8 + 3 g/L CaCO3,35 mm,BS65124,,2017-02-17,dark brown fungus,,,,
,,,,EmmaG,FV0210,ZUSF00026,,,,V8 + 3 g/L CaCO3,35 mm,BS65124,,2017-02-17,bacteria,,,,
,,,,EmmaG,FV0038,ZUSF00027,,,,V8 + 3 g/L CaCO3,35 mm,BS65124,,2017-02-17,orange-white part,,,,
,,,,EmmaG,FV0038,ZUSF00028,,,,V8 + 3 g/L CaCO3,35 mm,BS65124,,2017-02-17,main fungus,,,,
,,,,EmmaG,FV0031,ZUSF00029,,,,V8 + 3 g/L CaCO3,35 mm,BS65124,,2017-02-17,,,,,
,,,,EmmaG,FV0032,ZUSF00030,,,,V8 + 3 g/L CaCO3,35 mm,BS65124,,2017-02-17,,,,,
,,,,EmmaG,FV0119,ZUSF00031,,,,V8 + 3 g/L CaCO3,35 mm,BS65124,,2017-02-17,,,,,
,,,,EmmaG,FV0122,ZUSF00032,,,,V8 + 3 g/L CaCO3,35 mm,BS65124,,2017-02-17,,,,,
,,,,EmmaG,FV0125,ZUSF00033,,,,V8 + 3 g/L CaCO3,35 mm,BS65124,,2017-02-17,,,,,
,,,,EmmaG,FV0187,ZUSF00034,,,,V8 + 3 g/L CaCO3,35 mm,BS65124,,2017-02-17,,,,,
,,,,EmmaG,FV0482,ZUSF00035,,,,V8 + 3 g/L CaCO3,35 mm,BS65124,,2017-02-17,,,,,
,,,,EmmaG,FV0486,ZUSF00036,,,,V8 + 3 g/L CaCO3,35 mm,BS65124,,2017-02-17,,,,,
,,,,EmmaG,FV0490,ZUSF00037,,,,V8 + 3 g/L CaCO3,35 mm,BS65124,,2017-02-17,,,,,
,,,,EmmaG,FV0238,ZUSF00038,,,,V8 + 3 g/L CaCO3,35 mm,BS65124,,2017-02-17,,,,,
,,,,EmmaG,FV0242,ZUSF00039,,,,V8 + 3 g/L CaCO3,35 mm,BS65124,,2017-02-17,,,,,
,,,,EmmaG,FV0323,ZUSF00040,,,,V8 + 3 g/L CaCO3,35 mm,BS65124,,2017-02-23,,,,,
,,,,EmmaG,FV0324,ZUSF00041,,,,V8 + 3 g/L CaCO3,35 mm,BS65124,,2017-02-23,,,,,
,,,,EmmaG,FV0331,ZUSF00042,,,,V8 + 3 g/L CaCO3,35 mm,BS65124,,2017-02-23,White fungus,,,,
,,,,EmmaG,FV0331,ZUSF00043,,,,V8 + 3 g/L CaCO3,35 mm,BS65124,,2017-02-23,brown fungus,,,,
,,,,EmmaG,FV0399,ZUSF00044,,,,V8 + 3 g/L CaCO3,35 mm,BS65124,,2017-02-23,,,,,
,,,,EmmaG,FV0417,ZUSF00045,,,,V8 + 3 g/L CaCO3,35 mm,BS65124,,2017-02-23,,,,,
,,,,EmmaG,FV0108,ZUSF00046,,,,V8 + 3 g/L CaCO3,35 mm,BS65124,,2017-02-23,,,,,
,,,,EmmaG,FV0112,ZUSF00047,,,,V8 + 3 g/L CaCO3,35 mm,BS65124,,2017-02-23,,,,,
,,,,EmmaG,FV0113,ZUSF00048,,,,V8 + 3 g/L CaCO3,35 mm,BS65124,,2017-02-23,colony near scratches,,,,
,,,,EmmaG,FV0113,ZUSF00049,,,,V8 + 3 g/L CaCO3,35 mm,BS65124,,2017-02-23,colony with more white,,,,
,,,,EmmaG,FV0115,ZUSF00050,,,,V8 + 3 g/L CaCO3,35 mm,BS65124,,2017-02-23,,,,,
,,,,EmmaG,FV0098,ZUSF00051,,,,V8 + 3 g/L CaCO3,35 mm,BS65124,,2017-02-23,,,,,
,,,,EmmaG,FV0099,ZUSF00052,,,,V8 + 3 g/L CaCO3,35 mm,BS65124,,2017-02-23,,,,,
,,,,EmmaG,FV0102,ZUSF00053,,,,V8 + 3 g/L CaCO3,35 mm,BS65124,,2017-02-23,,,,,
,,,,EmmaG,FV0104,ZUSF00054,,,,V8 + 3 g/L CaCO3,35 mm,BS65124,,2017-02-23,,,,,
,,,,EmmaG,FV0144,ZUSF00055,,,,V8 + 3 g/L CaCO3,35 mm,BS65124,,2017-02-23,,,,,
,,,,EmmaG,FV0045,ZUSF00056,,,,V8 + 3 g/L CaCO3,35 mm,BS65124,,2017-02-23,,,,,
,,,,EmmaG,FV0051,ZUSF00057,,,,V8 + 3 g/L CaCO3,35 mm,BS65124,,2017-02-23,,,,,
,,,,EmmaG,FV0053,ZUSF00058,,,,V8 + 3 g/L CaCO3,35 mm,BS65124,,2017-02-23,,,,,
,,,,EmmaG,FV0511,ZUSF00059,,,,V8 + 3 g/L CaCO3,35 mm,BS65124,,2017-02-23,,,,,
,,,,EmmaG,FV0500,ZUSF00060,,,,V8 + 3 g/L CaCO3,35 mm,BS65124,,2017-02-23,,,,,
,,,,EmmaG,FV0503,ZUSF00061,,,,V8 + 3 g/L CaCO3,35 mm,BS65124,,2017-02-23,,,,,
,,,,EmmaG,FV0505,ZUSF00062,,,,V8 + 3 g/L CaCO3,35 mm,BS65124,,2017-02-23,,,,,
,,,,EmmaG,FV0506,ZUSF00063,,,,V8 + 3 g/L CaCO3,35 mm,BS65124,,2017-02-23,,,,,
,,,,EmmaG,FV0566,ZUSF00064,,,,V8 + 3 g/L CaCO3,35 mm,BS65124,,2017-02-23,,,,,
,,,,EmmaG,FV0569,ZUSF00065,,,,V8 + 3 g/L CaCO3,35 mm,BS65124,,2017-02-23,,,,,
,,,,EmmaG,FV0571,ZUSF00066,,,,V8 + 3 g/L CaCO3,35 mm,BS65124,,2017-02-23,,,,,
,,,,EmmaG,FV0572,ZUSF00067,,,,V8 + 3 g/L CaCO3,35 mm,BS65124,,2017-02-23,,,,,
,,,,EmmaG,FV0464,ZUSF00068,,,,V8 + 3 g/L CaCO3,35 mm,BS65124,,2017-02-23,,,,,
,,,,EmmaG,FV0467,ZUSF00069,,,,V8 + 3 g/L CaCO3,35 mm,BS65124,,2017-02-23,,,,,
,,,,EmmaG,FV0017,ZUSF00070,,,,V8 + 3 g/L CaCO3,35 mm,BS65124,,2017-02-24,,,,,
,,,,EmmaG,FV0026,ZUSF00071,,,,V8 + 3 g/L CaCO3,35 mm,BS65124,,2017-02-24,,,,,
,,,,EmmaG,FV0027,ZUSF00072,,,,V8 + 3 g/L CaCO3,35 mm,BS65124,,2017-02-24,,,,,
,,,,EmmaG,FV0347,ZUSF00073,,,,V8 + 3 g/L CaCO3,35 mm,BS65124,,2017-02-24,,,,,
,,,,EmmaG,FV0349,ZUSF00074,,,,V8 + 3 g/L CaCO3,35 mm,BS65124,,2017-02-24,,,,,
,,,,EmmaG,FV0350,ZUSF00075,,,,V8 + 3 g/L CaCO3,35 mm,BS65124,,2017-02-24,,,,,
,,,,EmmaG,FV0446,ZUSF00076,,,,V8 + 3 g/L CaCO3,35 mm,BS65124,,2017-02-24,,,,,
,,,,EmmaG,FV0447,ZUSF00077,,,,V8 + 3 g/L CaCO3,35 mm,BS65124,,2017-02-24,,,,,
,,,,EmmaG,FV0452,ZUSF00078,,,,V8 + 3 g/L CaCO3,35 mm,BS65124,,2017-02-24,,,,,
,,,,EmmaG,FV0455,ZUSF00079,,,,V8 + 3 g/L CaCO3,35 mm,BS65124,,2017-02-24,,,,,
,,,,EmmaG,FV0083,ZUSF00080,,,,V8 + 3 g/L CaCO3,35 mm,BS65124,,2017-02-24,,,,,
,,,,EmmaG,FV0082,ZUSF00081,,,,V8 + 3 g/L CaCO3,35 mm,BS65124,,2017-02-24,,,,,
,,,,EmmaG,FV0081,ZUSF00082,,,,V8 + 3 g/L CaCO3,35 mm,BS65124,,2017-02-24,"2 individuals, looked like same species, plated both ",,,,
,,,,EmmaG,FV0080,ZUSF00083,,,,V8 + 3 g/L CaCO3,35 mm,BS65124,,2017-02-24,,,,,
,,,,EmmaG,FV0078,ZUSF00084,,,,V8 + 3 g/L CaCO3,35 mm,BS65124,,2017-02-24,,,,,
,,,,EmmaG,FV0528,ZUSF00085,,,,V8 + 3 g/L CaCO3,35 mm,BS65124,,2017-02-24,,,,,
,,,,EmmaG,FV0363,ZUSF00086,,,,V8 + 3 g/L CaCO3,35 mm,BS65124,,2017-02-24,bacteria,,,,
,,,,EmmaG,FV0363,ZUSF00087,,,,V8 + 3 g/L CaCO3,35 mm,BS65124,,2017-02-24,brown main fungus,,,,
,,,,EmmaG,FV0351,ZUSF00088,,,,V8 + 3 g/L CaCO3,35 mm,BS65124,,2017-02-24,,,,,
,,,,EmmaG,FV0360,ZUSF00089,,,,V8 + 3 g/L CaCO3,35 mm,BS65124,,2017-02-24,bacteria,,,,
,,,,EmmaG,FV0360,ZUSF00090,,,,V8 + 3 g/L CaCO3,35 mm,BS65124,,2017-02-24,brown main fingus,,,,
,,,,EmmaG,FV0547,ZUSF00091,,,,V8 + 3 g/L CaCO3,35 mm,BS65124,,2017-03-02,,,,,
,,,,EmmaG,FV0546,ZUSF00092,,,,V8 + 3 g/L CaCO3,35 mm,BS65124,,2017-03-02,,,,,
,,,,EmmaG,FV0545,ZUSF00093,,,,V8 + 3 g/L CaCO3,35 mm,BS65124,,2017-03-02,,,,,
,,,,EmmaG,FV0543,ZUSF00094,,,,V8 + 3 g/L CaCO3,35 mm,BS65124,,2017-03-02,,,,,
,,,,EmmaG,FV0542,ZUSF00095,,,,V8 + 3 g/L CaCO3,35 mm,BS65124,,2017-03-02,,,,,
,,,,EmmaG,FV0471,ZUSF00096,,,,V8 + 3 g/L CaCO3,35 mm,BS65124,,2017-03-02,,,,,
,,,,EmmaG,FV0541,ZUSF00097,,,,V8 + 3 g/L CaCO3,35 mm,BS65124,,2017-03-02,,,,,
,,,,EmmaG,FV0538,ZUSF00098,,,,V8 + 3 g/L CaCO3,35 mm,BS65124,,2017-03-02,,,,,
,,,,EmmaG,FV0537,ZUSF00099,,,,V8 + 3 g/L CaCO3,35 mm,BS65124,,2017-03-02,,,,,
,,,,EmmaG,FV0535,ZUSF00100,,,,V8 + 3 g/L CaCO3,35 mm,BS65124,,2017-03-02,,,,,
,,,,EmmaG,FV0429,ZUSF00101,,,,V8 + 3 g/L CaCO3,35 mm,BS65124,,2017-03-02,,,,,
,,,,EmmaG,FV0518,ZUSF00102,,,,V8 + 3 g/L CaCO3,35 mm,BS65124,,2017-03-02,,,,,
,,,,EmmaG,FV0515,ZUSF00103,,,,V8 + 3 g/L CaCO3,35 mm,BS65124,,2017-03-02,,,,,
,,,,EmmaG,FV0257,ZUSF00104,,,,V8 + 3 g/L CaCO3,35 mm,BS65124,,2017-03-02,,,,,
,,,,EmmaG,FV0251,ZUSF00105,,,,V8 + 3 g/L CaCO3,35 mm,BS65124,,2017-03-02,main fungus,,,,
,,,,EmmaG,FV0251,ZUSF00106,,,,V8 + 3 g/L CaCO3,35 mm,BS65124,,2017-03-02,"yellow bacterial? ""cross""",,,,
,,,,EmmaG,FV0557,ZUSF00107,,,,V8 + 3 g/L CaCO3,35 mm,BS65124,,2017-03-02,,,,,
,,,,EmmaG,FV0555,ZUSF00108,,,,V8 + 3 g/L CaCO3,35 mm,BS65124,,2017-03-02,,,,,
,,,,EmmaG,FV0551,ZUSF00109,,,,V8 + 3 g/L CaCO3,35 mm,BS65124,,2017-03-02,,,,,
,,,,EmmaG,FV0550,ZUSF00110,,,,V8 + 3 g/L CaCO3,35 mm,BS65124,,2017-03-02,small bacteria patch (didn't plate),,,,
,,,,EmmaG,FV0549,ZUSF00111,,,,V8 + 3 g/L CaCO3,35 mm,BS65124,,2017-03-02,,,,,
,,,,EmmaG,FV0579,ZUSF00112,,,,V8 + 3 g/L CaCO3,35 mm,BS65124,,2017-03-02,,,,,
,,,,EmmaG,FV0578,ZUSF00113,,,,V8 + 3 g/L CaCO3,35 mm,BS65124,,2017-03-02,,,,,
,,,,EmmaG,FV0577,ZUSF00114,,,,V8 + 3 g/L CaCO3,35 mm,BS65124,,2017-03-02,,,,,
,,,,EmmaG,FV0575,ZUSF00115,,,,V8 + 3 g/L CaCO3,35 mm,BS65124,,2017-03-02,,,,,
,,,,EmmaG,FV0574,ZUSF00116,,,,V8 + 3 g/L CaCO3,35 mm,BS65124,,2017-03-03,,,,,
,,,,EmmaG,FV0573,ZUSF00117,,,,V8 + 3 g/L CaCO3,35 mm,BS65124,,2017-03-03,,,,,
,,,,EmmaG,FV0094,ZUSF00118,,,,V8 + 3 g/L CaCO3,35 mm,BS65124,,2017-03-03,,,,,
,,,,EmmaG,FV0093,ZUSF00119,,,,V8 + 3 g/L CaCO3,35 mm,BS65124,,2017-03-03,,,,,
,,,,EmmaG,FV0091,ZUSF00120,,,,V8 + 3 g/L CaCO3,35 mm,BS65124,,2017-03-03,,,,,
,,,,EmmaG,FV0090,ZUSF00121,,,,V8 + 3 g/L CaCO3,35 mm,BS65124,,2017-03-03,,,,,
,,,,EmmaG,FV0480,ZUSF00122,,,,V8 + 3 g/L CaCO3,35 mm,BS65124,,2017-03-03,,,,,
,,,,EmmaG,FV0478,ZUSF00123,,,,V8 + 3 g/L CaCO3,35 mm,BS65124,,2017-03-03,,,,,
,,,,EmmaG,FV0477,ZUSF00124,,,,V8 + 3 g/L CaCO3,35 mm,BS65124,,2017-03-03,,,,,
,,,,EmmaG,FV0444,ZUSF00125,,,,V8 + 3 g/L CaCO3,35 mm,BS65124,,2017-03-03,,,,,
,,,,EmmaG,FV0440,ZUSF00126,,,,V8 + 3 g/L CaCO3,35 mm,BS65124,,2017-03-03,,,,,
,,,,EmmaG,FV0435,ZUSF00127,,,,V8 + 3 g/L CaCO3,35 mm,BS65124,,2017-03-03,,,,,
,,,,EmmaG,NJGI0238,ZUSF00128,,,,V8 + 3 g/L CaCO3,35 mm,BS65124,,2017-03-09,,,,,
,,,,EmmaG,NJGI0208,ZUSF00129,,,,V8 + 3 g/L CaCO3,35 mm,BS65124,,2017-03-09,,,,,
,,,,EmmaG,NJGI0217,ZUSF00130,,,,V8 + 3 g/L CaCO3,35 mm,BS65124,,2017-03-09,,,,,
,,,,EmmaG,NJGI0229,ZUSF00131,,,,V8 + 3 g/L CaCO3,35 mm,BS65124,,2017-03-09,,,,,
,,,,EmmaG,NJGI0297,ZUSF00132,,,,V8 + 3 g/L CaCO3,35 mm,BS65124,,2017-03-09,,,,,
,,,,EmmaG,NJGI0335,ZUSF00133,,,,V8 + 3 g/L CaCO3,35 mm,BS65124,,2017-03-09,,,,,
,,,,EmmaG,NJGI0230,ZUSF00134,,,,V8 + 3 g/L CaCO3,35 mm,BS65124,,2017-03-09,,,,,
,,,,EmmaG,NJGI0247,ZUSF00135,,,,V8 + 3 g/L CaCO3,35 mm,BS65124,,2017-03-09,,,,,
,,,,EmmaG,NJGI0240,ZUSF00136,,,,V8 + 3 g/L CaCO3,35 mm,BS65124,,2017-03-09,,,,,
,,,,EmmaG,NJGI0222,ZUSF00137,,,,V8 + 3 g/L CaCO3,35 mm,BS65124,,2017-03-09,,,,,
,,,,EmmaG,NJGI0333,ZUSF00138,,,,V8 + 3 g/L CaCO3,35 mm,BS65124,,2017-03-09,,,,,
,,,,EmmaG,NJGI0326,ZUSF00139,,,,V8 + 3 g/L CaCO3,35 mm,BS65124,,2017-03-09,,,,,
,,,,EmmaG,NJGI0329,ZUSF00140,,,,V8 + 3 g/L CaCO3,35 mm,BS65124,,2017-03-09,,,,,
,,,,EmmaG,NJGI0315,ZUSF00141,,,,V8 + 3 g/L CaCO3,35 mm,BS65124,,2017-03-09,,,,,
,,,,EmmaG,NJGI0330,ZUSF00142,,,,V8 + 3 g/L CaCO3,35 mm,BS65124,,2017-03-09,,,,,
,,,,EmmaG,NJGI0233,ZUSF00143,,,,V8 + 3 g/L CaCO3,35 mm,BS65124,,2017-03-09,,,,,
,,,,EmmaG,NJGI0209,ZUSF00144,,,,V8 + 3 g/L CaCO3,35 mm,BS65124,,2017-03-09,,,,,
,,,,EmmaG,NJGI0273,ZUSF00145,,,,V8 + 3 g/L CaCO3,35 mm,BS65124,,2017-03-09,,,,,
,,,,EmmaG,NJGI0328,ZUSF00146,,,,V8 + 3 g/L CaCO3,35 mm,BS65124,,2017-03-09,,,,,
,,,,EmmaG,NJGI0311,ZUSF00147,,,,V8 + 3 g/L CaCO3,35 mm,BS65124,,2017-03-10,,,,,
,,,,EmmaG,NJGI0421,ZUSF00148,,,,V8 + 3 g/L CaCO3,35 mm,BS65124,,2017-03-10,,,,,
,,,,EmmaG,NJGI0420,ZUSF00149,,,,V8 + 3 g/L CaCO3,35 mm,BS65124,,2017-03-10,,,,,
,,,,EmmaG,NJGI0213,ZUSF00150,,,,V8 + 3 g/L CaCO3,35 mm,BS65124,,2017-03-10,,,,,
,,,,EmmaG,NJGI0419,ZUSF00151,,,,V8 + 3 g/L CaCO3,35 mm,BS65124,,2017-03-10,,,,,
,,,,EmmaG,NJGI0331,ZUSF00152,,,,V8 + 3 g/L CaCO3,35 mm,BS65124,,2017-03-10,,,,,
,,,,EmmaG,NJGI0321,ZUSF00153,,,,V8 + 3 g/L CaCO3,35 mm,BS65124,,2017-03-10,,,,,
,,,,EmmaG,NJGI0334,ZUSF00154,,,,V8 + 3 g/L CaCO3,35 mm,BS65124,,2017-03-10,,,,,
,,,,EmmaG,NJGI0337,ZUSF00155,,,,V8 + 3 g/L CaCO3,35 mm,BS65124,,2017-03-10,,,,,
,,,,EmmaG,NJGI0310,ZUSF00156,,,,V8 + 3 g/L CaCO3,35 mm,BS65124,,2017-03-10,,,,,
,,,,EmmaG,NJGI0312,ZUSF00157,,,,V8 + 3 g/L CaCO3,35 mm,BS65124,,2017-03-10,,,,,
,,,,EmmaG,Test Sample,ZUSF00158,,,,MEA,35mm,BS65124,,2017-04-17,,,,,
,,,,EmmaG,Test Sample,ZUSF00159,,,,MEA,35mm,BS65124,,2017-04-17,,,,,
,,,,EmmaG,Test Sample,ZUSF00160,,,,MEA,35mm,BS65124,,2017-04-17,,,,,
,,,,EmmaG,Test Sample,ZUSF00161,,,,MEA,35mm,BS65124,,2017-04-17,,,,,
,,,,EmmaG,Test Sample,ZUSF00162,,,,MEA,35mm,BS65124,,2017-04-17,,,,,
,,,,EmmaG,Test Sample,ZUSF00163,,,,MEA,35mm,BS65124,,2017-04-17,,,,,
,,,,EmmaG,Test Sample,ZUSF00164,,,,MEA,35mm,BS65124,,2017-04-17,,,,,
,,,,EmmaG,Test Sample,ZUSF00165,,,,MEA,35mm,BS65124,,2017-04-17,,,,,
,,,,EmmaG,Test Sample,ZUSF00166,,,,MEA,35mm,BS65124,,2017-04-17,,,,,
,,,,EmmaG,Test Sample,ZUSF00167,,,,MEA,35mm,BS65124,,2017-04-17,,,,,
,,,,EmmaG,Test Sample,ZUSF00168,,,,MEA,35mm,BS65124,,2017-04-17,,,,,
,,,,EmmaG,Test Sample,ZUSF00169,,,,MEA,35mm,BS65124,,2017-04-17,,,,,
,,,,EmmaG,Test Sample,ZUSF00170,,,,MEA,35mm,BS65124,,2017-04-17,,,,,
,,,,EmmaG,Test Sample,ZUSF00171,,,,MEA,35mm,BS65124,,2017-04-17,,,,,
,,,,EmmaG,Test Sample,ZUSF00172,,,,MEA,35mm,BS65124,,2017-04-17,,,,,
,,,,EmmaG,Test Sample,ZUSF00173,,,,MEA,35mm,BS65124,,2017-04-17,,,,,
,,,,EmmaG,Test Sample,ZUSF00174,,,,MEA,35mm,BS65124,,2017-04-17,,,,,
,,,,EmmaG,S1T1,ZUSF00175,,,,MEA,35mm,BS65124,,2017-04-27,,,,,
,,,,EmmaG,S1T1,ZUSF00176,,,,MEA,35mm,BS65124,,2017-04-27,,,,,
,,,,EmmaG,S1T1,ZUSF00177,,,,MEA,35mm,BS65124,,2017-04-27,,,,,
,,,,EmmaG,S1T1,ZUSF00178,,,,MEA,35mm,BS65124,,2017-04-27,,,,,
,,,,EmmaG,S1T1,ZUSF00179,,,,MEA,35mm,BS65124,,2017-04-27,,,,,
,,,,EmmaG,S1T1,ZUSF00180,,,,MEA,35mm,BS65124,,2017-04-27,,,,,
,,,,EmmaG,S1T1,ZUSF00181,,,,MEA,35mm,BS65124,,2017-04-27,,,,,
,,,,EmmaG,S1T1,ZUSF00182,,,,MEA,35mm,BS65124,,2017-04-27,,,,,
,,,,EmmaG,S1T1,ZUSF00183,,,,MEA,35mm,BS65124,,2017-04-27,,,,,
,,,,EmmaG,S1T1,ZUSF00184,,,,MEA,35mm,BS65124,,2017-04-27,,,,,
,,,,EmmaG,S1T1,ZUSF00185,,,,MEA,35mm,BS65124,,2017-04-27,,,,,
,,,,EmmaG,S1T1,ZUSF00186,,,,MEA,35mm,BS65124,,2017-04-27,,,,,
,,,,EmmaG,S1T1,ZUSF00187,,,,MEA,35mm,BS65124,,2017-04-27,,,,,
,,,,EmmaG,S1T1,ZUSF00188,,,,MEA,35mm,BS65124,,2017-04-27,,,,,
,,,,EmmaG,S1T1,ZUSF00189,,,,MEA,35mm,BS65124,,2017-04-27,,,,,
,,,,EmmaG,S1T1,ZUSF00190,,,,MEA,35mm,BS65124,,2017-04-27,,,,,
,,,,EmmaG,S1T1,ZUSF00191,,,,MEA,35mm,BS65124,,2017-04-27,,,,,
,,,,EmmaG,S1T1,ZUSF00192,,,,MEA,35mm,BS65124,,2017-04-27,,,,,
,,,,EmmaG,S1T1,ZUSF00193,,,,MEA,35mm,BS65124,,2017-04-27,,,,,
,,,,EmmaG,S1T1,ZUSF00194,,,,MEA,35mm,BS65124,,2017-04-27,,,,,
,,,,EmmaG,S1T1,ZUSF00195,,,,MEA,35mm,BS65124,,2017-04-27,,,,,
,,,,EmmaG,S1T1,ZUSF00196,,,,MEA,35mm,BS65124,,2017-04-27,,,,,
,,,,EmmaG,S1T1,ZUSF00197,,,,MEA,35mm,BS65124,,2017-04-27,,,,,
,,,,EmmaG,S1T1,ZUSF00198,,,,MEA,35mm,BS65124,,2017-04-27,,,,,
,,,,EmmaG,S1T1,ZUSF00199,,,,MEA,35mm,BS65124,,2017-04-27,,,,,
,,,,EmmaG,S1T1,ZUSF00200,,,,MEA,35mm,BS65124,,2017-04-27,,,,,
,,,,EmmaG,S1T1,ZUSF00201,,,,MEA,35mm,BS65124,,2017-04-27,,,,,
,,,,EmmaG,S1T1,ZUSF00202,,,,MEA,35mm,BS65124,,2017-04-27,,,,,
,,,,EmmaG,S1T1,ZUSF00203,,,,MEA,35mm,BS65124,,2017-04-27,,,,,
,,,,EmmaG,S1T1,ZUSF00204,,,,MEA,35mm,BS65124,,2017-04-27,,,,,
,,,,EmmaG,S1T1,ZUSF00205,,,,MEA,35mm,BS65124,,2017-04-27,,,,,
,,,,EmmaG,S1T1,ZUSF00206,,,,MEA,35mm,BS65124,,2017-04-27,,,,,
,,,,EmmaG,S1T1,ZUSF00207,,,,MEA,35mm,BS65124,,2017-04-27,,,,,
,,,,EmmaG,S1T1,ZUSF00208,,,,MEA,35mm,BS65124,,2017-04-27,,,,,
,,,,EmmaG,S1T1,ZUSF00209,,,,MEA,35mm,BS65124,,2017-04-27,,,,,
,,,,EmmaG,S1T1,ZUSF00210,,,,MEA,35mm,BS65124,,2017-04-27,,,,,
,,,,EmmaG,S1T1,ZUSF00211,,,,MEA,35mm,BS65124,,2017-04-27,,,,,
,,,,EmmaG,S1T1,ZUSF00212,,,,MEA,35mm,BS65124,,2017-04-27,,,,,
,,,,EmmaG,S1T1,ZUSF00213,,,,MEA,35mm,BS65124,,2017-04-27,,,,,
,,,,EmmaG,S1T1,ZUSF00214,,,,MEA,35mm,BS65124,,2017-04-27,,,,,
,,,,EmmaG,S1T1,ZUSF00215,,,,MEA,35mm,BS65124,,2017-04-27,,,,,
,,,,EmmaG,S1T1,ZUSF00216,,,,MEA,35mm,BS65124,,2017-04-27,,,,,
,,,,EmmaG,S1T1,ZUSF00217,,,,MEA,35mm,BS65124,,2017-04-27,,,,,
,,,,EmmaG,S1T2,ZUSF00218,,,,MEA,35mm,BS65124,,2017-04-27,,,,,
,,,,EmmaG,S1T2,ZUSF00219,,,,MEA,35mm,BS65124,,2017-04-27,,,,,
,,,,EmmaG,S1T2,ZUSF00220,,,,MEA,35mm,BS65124,,2017-04-27,,,,,
,,,,EmmaG,S1T2,ZUSF00221,,,,MEA,35mm,BS65124,,2017-04-27,,,,,
,,,,EmmaG,S1T2,ZUSF00222,,,,MEA,35mm,BS65124,,2017-04-27,,,,,
,,,,EmmaG,S1T2,ZUSF00223,,,,MEA,35mm,BS65124,,2017-04-27,,,,,
,,,,EmmaG,S1T2,ZUSF00224,,,,MEA,35mm,BS65124,,2017-04-27,,,,,
,,,,EmmaG,S1T2,ZUSF00225,,,,MEA,35mm,BS65124,,2017-04-27,,,,,
,,,,EmmaG,S1T2,ZUSF00226,,,,MEA,35mm,BS65124,,2017-04-27,,,,,
,,,,EmmaG,S1T2,ZUSF00227,,,,MEA,35mm,BS65124,,2017-04-27,,,,,
,,,,EmmaG,S1T2,ZUSF00228,,,,MEA,35mm,BS65124,,2017-04-27,,,,,
,,,,EmmaG,S1T2,ZUSF00229,,,,MEA,35mm,BS65124,,2017-04-27,,,,,
,,,,EmmaG,S1T2,ZUSF00230,,,,MEA,35mm,BS65124,,2017-04-27,,,,,
,,,,EmmaG,S1T2,ZUSF00231,,,,MEA,35mm,BS65124,,2017-04-27,,,,,
,,,,EmmaG,S1T2,ZUSF00232,,,,MEA,35mm,BS65124,,2017-04-27,,,,,
,,,,EmmaG,S1T2,ZUSF00233,,,,MEA,35mm,BS65124,,2017-04-27,,,,,
,,,,EmmaG,S1T2,ZUSF00234,,,,MEA,35mm,BS65124,,2017-05-07,,,,,
,,,,EmmaG,S1T2,ZUSF00235,,,,MEA,35mm,BS65124,,2017-05-07,,,,,
,,,,EmmaG,S1T2,ZUSF00236,,,,MEA,35mm,BS65124,,2017-05-07,,,,,
,,,,EmmaG,S1T2,ZUSF00237,,,,MEA,35mm,BS65124,,2017-05-07,,,,,
,,,,EmmaG,S1T2,ZUSF00238,,,,MEA,35mm,BS65124,,2017-05-07,,,,,
,,,,EmmaG,S1T2,ZUSF00239,,,,MEA,35mm,BS65124,,2017-05-07,,,,,
,,,,EmmaG,S1T2,ZUSF00240,,,,MEA,35mm,BS65124,,2017-05-07,,,,,
,,,,EmmaG,S1T2,ZUSF00241,,,,MEA,35mm,BS65124,,2017-05-07,,,,,
,,,,EmmaG,S1T2,ZUSF00242,,,,MEA,35mm,BS65124,,2017-05-07,,,,,
,,,,EmmaG,S1T2,ZUSF00243,,,,MEA,35mm,BS65124,,2017-05-07,,,,,
,,,,EmmaG,S1T2,ZUSF00244,,,,MEA,35mm,BS65124,,2017-05-07,,,,,
,,,,EmmaG,S1T2,ZUSF00245,,,,MEA,35mm,BS65124,,2017-05-07,,,,,
,,,,EmmaG,S1T2,ZUSF00246,,,,MEA,35mm,BS65124,,2017-05-07,,,,,
,,,,EmmaG,S1T2,ZUSF00247,,,,MEA,35mm,BS65124,,2017-05-07,,,,,
,,,,EmmaG,S1T2,ZUSF00248,,,,MEA,35mm,BS65124,,2017-05-07,,,,,
,,,,EmmaG,S1T2,ZUSF00249,,,,MEA,35mm,BS65124,,2017-05-07,,,,,
,,,,EmmaG,S1T2,ZUSF00250,,,,MEA,35mm,BS65124,,2017-05-07,,,,,
,,,,EmmaG,S1T2,ZUSF00251,,,,MEA,35mm,BS65124,,2017-05-07,,,,,
,,,,EmmaG,S1T2,ZUSF00252,,,,MEA,35mm,BS65124,,2017-05-07,,,,,
,,,,EmmaG,S1T2,ZUSF00253,,,,MEA,35mm,BS65124,,2017-05-07,,,,,
,,,,EmmaG,S1T2,ZUSF00254,,,,MEA,35mm,BS65124,,2017-05-07,,,,,
,,,,EmmaG,S1T2,ZUSF00255,,,,MEA,35mm,BS65124,,2017-05-07,,,,,
,,,,EmmaG,S1T2,ZUSF00256,,,,MEA,35mm,BS65124,,2017-05-07,,,,,
,,,,EmmaG,S1T2,ZUSF00257,,,,MEA,35mm,BS65124,,2017-05-07,,,,,
,,,,EmmaG,S1T2,ZUSF00258,,,,MEA,35mm,BS65124,,2017-05-07,,,,,
,,,,EmmaG,S1T2,ZUSF00259,,,,MEA,35mm,BS65124,,2017-05-07,,,,,
,,,,EmmaG,S1T2,ZUSF00260,,,,MEA,35mm,BS65124,,2017-05-07,,,,,
,,,,EmmaG,S1T2,ZUSF00261,,,,MEA,35mm,BS65124,,2017-05-07,,,,,
,,,,EmmaG,S1T2,ZUSF00262,,,,MEA,35mm,BS65124,,2017-05-07,,,,,
,,,,EmmaG,S1T2,ZUSF00263,,,,MEA,35mm,BS65124,,2017-05-07,,,,,
,,,,EmmaG,S1T2,ZUSF00264,,,,MEA,35mm,BS65124,,2017-05-07,,,,,
,,,,EmmaG,S1T2,ZUSF00265,,,,MEA,35mm,BS65124,,2017-05-07,,,,,
,,,,EmmaG,S1T2,ZUSF00266,,,,MEA,35mm,BS65124,,2017-05-07,,,,,
,,,,EmmaG,S1T2,ZUSF00267,,,,MEA,35mm,BS65124,,2017-05-07,,,,,
,,,,EmmaG,S1T2,ZUSF00268,,,,MEA,35mm,BS65124,,2017-05-07,,,,,
,,,,EmmaG,S1T2,ZUSF00269,,,,MEA,35mm,BS65124,,2017-05-07,,,,,
,,,,EmmaG,S1T2,ZUSF00270,,,,MEA,35mm,BS65124,,2017-05-07,,,,,
,,,,EmmaG,S1T2,ZUSF00271,,,,MEA,35mm,BS65124,,2017-05-07,,,,,
,,,,EmmaG,S1T2,ZUSF00272,,,,MEA,35mm,BS65124,,2017-05-07,,,,,
,,,,EmmaG,S1T2,ZUSF00273,,,,MEA,35mm,BS65124,,2017-05-07,,,,,
,,,,EmmaG,S1T2,ZUSF00274,,,,MEA,35mm,BS65124,,2017-05-07,,,,,
,,,,EmmaG,S1T2,ZUSF00275,,,,MEA,35mm,BS65124,,2017-05-07,,,,,
,,,,EmmaG,S1T2,ZUSF00276,,,,MEA,35mm,BS65124,,2017-05-07,,,,,
,,,,EmmaG,S1T2,ZUSF00277,,,,MEA,35mm,BS65124,,2017-05-07,,,,,
,,,,EmmaG,S1T2,ZUSF00278,,,,MEA,35mm,BS65124,,2017-05-07,,,,,
,,,,EmmaG,S1T2,ZUSF00279,,,,MEA,35mm,BS65124,,2017-05-07,,,,,
,,,,EmmaG,S1T2,ZUSF00280,,,,MEA,35mm,BS65124,,2017-05-07,,,,,
,,,,EmmaG,S1T2,ZUSF00281,,,,MEA,35mm,BS65124,,2017-05-07,,,,,
,,,,EmmaG,S1T2,ZUSF00282,,,,MEA,35mm,BS65124,,2017-05-07,,,,,
,,,,EmmaG,S1T2,ZUSF00283,,,,MEA,35mm,BS65124,,2017-05-07,,,,,
,,,,EmmaG,S1T2,ZUSF00284,,,,MEA,35mm,BS65124,,2017-05-07,,,,,
,,,,EmmaG,S1T2,ZUSF00285,,,,MEA,35mm,BS65124,,2017-05-07,,,,,
,,,,EmmaG,S1T2,ZUSF00286,,,,MEA,35mm,BS65124,,2017-05-07,,,,,
,,,,EmmaG,S1T2,ZUSF00287,,,,MEA,35mm,BS65124,,2017-05-07,,,,,
,,,,EmmaG,S1T2,ZUSF00288,,,,MEA,35mm,BS65124,,2017-05-07,,,,,
,,,,EmmaG,S1T2,ZUSF00289,,,,MEA,35mm,BS65124,,2017-05-07,,,,,
,,,,EmmaG,S1T2,ZUSF00290,,,,MEA,35mm,BS65124,,2017-05-07,,,,,
,,,,EmmaG,S1T2,ZUSF00291,,,,MEA,35mm,BS65124,,2017-05-07,,,,,
,,,,EmmaG,S1T2,ZUSF00292,,,,MEA,35mm,BS65124,,2017-05-07,,,,,
,,,,EmmaG,S1T2,ZUSF00293,,,,MEA,35mm,BS65124,,2017-05-07,,,,,
,,,,EmmaG,S1T2,ZUSF00294,,,,MEA,35mm,BS65124,,2017-05-07,,,,,
,,,,EmmaG,S1T2,ZUSF00295,,,,MEA,35mm,BS65124,,2017-05-07,,,,,
,,,,EmmaG,S1T2,ZUSF00296,,,,MEA,35mm,BS65124,,2017-05-07,,,,,
,,,,EmmaG,S1T2,ZUSF00297,,,,MEA,35mm,BS65124,,2017-05-07,,,,,
,,,,EmmaG,S1T2,ZUSF00298,,,,MEA,35mm,BS65124,,2017-05-07,,,,,
,,,,EmmaG,S1T2,ZUSF00299,,,,MEA,35mm,BS65124,,2017-05-07,,,,,
,,,,EmmaG,S1T2,ZUSF00300,,,,MEA,35mm,BS65124,,2017-05-07,,,,,
,,,,EmmaG,S1T2,ZUSF00301,,,,MEA,35mm,BS65124,,2017-05-07,,,,,
,,,,EmmaG,S1T2,ZUSF00302,,,,MEA,35mm,BS65124,,2017-05-07,,,,,
,,,,EmmaG,S1T2,ZUSF00303,,,,MEA,35mm,BS65124,,2017-05-07,,,,,
,,,,EmmaG,S1T2,ZUSF00304,,,,MEA,35mm,BS65124,,2017-05-07,,,,,
,,,,EmmaG,S1T3,ZUSF00305,,,,MEA,35mm,BS65124,,2017-05-18,,,,,
,,,,EmmaG,S1T3,ZUSF00306,,,,MEA,35mm,BS65124,,2017-05-18,,,,,
,,,,EmmaG,S1T3,ZUSF00307,,,,MEA,35mm,BS65124,,2017-05-18,,,,,
,,,,EmmaG,S1T3,ZUSF00308,,,,MEA,35mm,BS65124,,2017-05-18,,,,,
,,,,EmmaG,S1T3,ZUSF00309,,,,MEA,35mm,BS65124,,2017-05-18,,,,,
,,,,EmmaG,S1T3,ZUSF00310,,,,MEA,35mm,BS65124,,2017-05-18,,,,,
,,,,EmmaG,S1T3,ZUSF00311,,,,MEA,35mm,BS65124,,2017-05-18,,,,,
,,,,EmmaG,S1T3,ZUSF00312,,,,MEA,35mm,BS65124,,2017-05-18,,,,,
,,,,EmmaG,S1T3,ZUSF00313,,,,MEA,35mm,BS65124,,2017-05-18,,,,,
,,,,EmmaG,S1T3,ZUSF00314,,,,MEA,35mm,BS65124,,2017-05-18,,,,,
,,,,EmmaG,S1T3,ZUSF00315,,,,MEA,35mm,BS65124,,2017-05-18,,,,,
,,,,EmmaG,S1T3,ZUSF00316,,,,MEA,35mm,BS65124,,2017-05-18,,,,,
,,,,EmmaG,S1T3,ZUSF00317,,,,MEA,35mm,BS65124,,2017-05-18,,,,,
,,,,EmmaG,S1T3,ZUSF00318,,,,MEA,35mm,BS65124,,2017-05-18,,,,,
,,,,EmmaG,S1T3,ZUSF00319,,,,MEA,35mm,BS65124,,2017-05-18,,,,,
,,,,EmmaG,S1T3,ZUSF00320,,,,MEA,35mm,BS65124,,2017-05-18,,,,,
,,,,EmmaG,S1T3,ZUSF00321,,,,MEA,35mm,BS65124,,2017-05-18,,,,,
,,,,EmmaG,S1T3,ZUSF00322,,,,MEA,35mm,BS65124,,2017-05-18,,,,,
,,,,EmmaG,S1T3,ZUSF00323,,,,MEA,35mm,BS65124,,2017-05-18,,,,,
,,,,EmmaG,S1T3,ZUSF00324,,,,MEA,35mm,BS65124,,2017-05-18,,,,,
,,,,EmmaG,S1T3,ZUSF00325,,,,MEA,35mm,BS65124,,2017-05-18,,,,,
,,,,EmmaG,S1T3,ZUSF00326,,,,MEA,35mm,BS65124,,2017-05-18,,,,,
,,,,EmmaG,S1T3,ZUSF00327,,,,MEA,35mm,BS65124,,2017-05-18,,,,,
,,,,EmmaG,S1T3,ZUSF00328,,,,MEA,35mm,BS65124,,2017-05-18,,,,,
,,,,EmmaG,S1T3,ZUSF00329,,,,MEA,35mm,BS65124,,2017-05-18,,,,,
,,,,EmmaG,S1T3,ZUSF00330,,,,MEA,35mm,BS65124,,2017-05-18,,,,,
,,,,EmmaG,S1T3,ZUSF00331,,,,MEA,35mm,BS65124,,2017-05-18,,,,,
,,,,EmmaG,S1T3,ZUSF00332,,,,MEA,35mm,BS65124,,2017-05-18,,,,,
,,,,EmmaG,S1T3,ZUSF00333,,,,MEA,35mm,BS65124,,2017-05-18,,,,,
,,,,EmmaG,S1T3,ZUSF00334,,,,MEA,35mm,BS65124,,2017-05-18,,,,,
,,,,EmmaG,S1T3,ZUSF00335,,,,MEA,35mm,BS65124,,2017-05-18,,,,,
,,,,EmmaG,S1T3,ZUSF00336,,,,MEA,35mm,BS65124,,2017-05-18,,,,,
,,,,EmmaG,S1T3,ZUSF00337,,,,MEA,35mm,BS65124,,2017-05-18,,,,,
,,,,EmmaG,S1T3,ZUSF00338,,,,MEA,35mm,BS65124,,2017-05-18,,,,,
,,,,EmmaG,S1T3,ZUSF00339,,,,MEA,35mm,BS65124,,2017-05-18,,,,,
,,,,EmmaG,S1T3,ZUSF00340,,,,MEA,35mm,BS65124,,2017-05-18,,,,,
,,,,EmmaG,S1T3,ZUSF00341,,,,MEA,35mm,BS65124,,2017-05-18,,,,,
,,,,EmmaG,S1T3,ZUSF00342,,,,MEA,35mm,BS65124,,2017-05-18,,,,,
,,,,EmmaG,S1T3,ZUSF00343,,,,MEA,35mm,BS65124,,2017-05-18,,,,,
,,,,EmmaG,S1T3,ZUSF00344,,,,MEA,35mm,BS65124,,2017-05-18,,,,,
,,,,EmmaG,S1T3,ZUSF00345,,,,MEA,35mm,BS65124,,2017-05-18,,,,,
,,,,EmmaG,S1T3,ZUSF00346,,,,MEA,35mm,BS65124,,2017-05-18,,,,,
,,,,EmmaG,S1T3,ZUSF00347,,,,MEA,35mm,BS65124,,2017-05-18,,,,,
,,,,EmmaG,S1T4,ZUSF00348,,,,MEA,35mm,BS65124,,2017-05-18,,,,,
,,,,EmmaG,S1T4,ZUSF00349,,,,MEA,35mm,BS65124,,2017-05-18,,,,,
,,,,EmmaG,S1T4,ZUSF00350,,,,MEA,35mm,BS65124,,2017-05-18,,,,,
,,,,EmmaG,S1T4,ZUSF00351,,,,MEA,35mm,BS65124,,2017-05-18,,,,,
,,,,EmmaG,S1T4,ZUSF00352,,,,MEA,35mm,BS65124,,2017-05-18,,,,,
,,,,EmmaG,S1T4,ZUSF00353,,,,MEA,35mm,BS65124,,2017-05-18,,,,,
,,,,EmmaG,S1T4,ZUSF00354,,,,MEA,35mm,BS65124,,2017-05-18,,,,,
,,,,EmmaG,S1T4,ZUSF00355,,,,MEA,35mm,BS65124,,2017-05-18,,,,,
,,,,EmmaG,S1T4,ZUSF00356,,,,MEA,35mm,BS65124,,2017-05-18,,,,,
,,,,EmmaG,S1T4,ZUSF00357,,,,MEA,35mm,BS65124,,2017-05-18,,,,,
,,,,EmmaG,S1T4,ZUSF00358,,,,MEA,35mm,BS65124,,2017-05-18,,,,,
,,,,EmmaG,S1T4,ZUSF00359,,,,MEA,35mm,BS65124,,2017-05-18,,,,,
,,,,EmmaG,S1T4,ZUSF00360,,,,MEA,35mm,BS65124,,2017-05-18,,,,,
,,,,EmmaG,S1T4,ZUSF00361,,,,MEA,35mm,BS65124,,2017-05-18,,,,,
,,,,EmmaG,S1T4,ZUSF00362,,,,MEA,35mm,BS65124,,2017-05-18,,,,,
,,,,EmmaG,S1T4,ZUSF00363,,,,MEA,35mm,BS65124,,2017-05-18,,,,,
,,,,EmmaG,S1T4,ZUSF00364,,,,MEA,35mm,BS65124,,2017-05-18,,,,,
,,,,EmmaG,S1T4,ZUSF00365,,,,MEA,35mm,BS65124,,2017-05-18,,,,,
,,,,EmmaG,S1T4,ZUSF00366,,,,MEA,35mm,BS65124,,2017-05-18,,,,,
,,,,EmmaG,S1T4,ZUSF00367,,,,MEA,35mm,BS65124,,2017-05-18,,,,,
,,,,EmmaG,S2T1,ZUSF00368,,,,MEA,35mm,BS65124,,2017-05-18,,,,,
,,,,EmmaG,S2T1,ZUSF00369,,,,MEA,35mm,BS65124,,2017-05-18,,,,,
,,,,EmmaG,S2T1,ZUSF00370,,,,MEA,35mm,BS65124,,2017-05-18,,,,,
,,,,EmmaG,S2T1,ZUSF00371,,,,MEA,35mm,BS65124,,2017-05-18,,,,,
,,,,EmmaG,S2T1,ZUSF00372,,,,MEA,35mm,BS65124,,2017-05-18,,,,,
,,,,EmmaG,S2T1,ZUSF00373,,,,MEA,35mm,BS65124,,2017-05-18,,,,,
,,,,EmmaG,S2T1,ZUSF00374,,,,MEA,35mm,BS65124,,2017-05-18,,,,,
,,,,EmmaG,S2T1,ZUSF00375,,,,MEA,35mm,BS65124,,2017-05-18,,,,,
,,,,EmmaG,S2T1,ZUSF00376,,,,MEA,35mm,BS65124,,2017-05-18,,,,,
,,,,EmmaG,S2T1,ZUSF00377,,,,MEA,35mm,BS65124,,2017-05-18,,,,,
,,,,EmmaG,S2T1,ZUSF00378,,,,MEA,35mm,BS65124,,2017-05-18,,,,,
,,,,EmmaG,S2T1,ZUSF00379,,,,MEA,35mm,BS65124,,2017-05-18,,,,,
,,,,EmmaG,S2T1,ZUSF00380,,,,MEA,35mm,BS65124,,2017-05-18,,,,,
,,,,EmmaG,S2T1,ZUSF00381,,,,MEA,35mm,BS65124,,2017-05-18,,,,,
,,,,EmmaG,S2T1,ZUSF00382,,,,MEA,35mm,BS65124,,2017-05-18,,,,,
,,,,EmmaG,S2T1,ZUSF00383,,,,MEA,35mm,BS65124,,2017-05-18,,,,,
,,,,EmmaG,S2T1,ZUSF00384,,,,MEA,35mm,BS65124,,2017-05-18,,,,,
,,,,EmmaG,S2T2,ZUSF00385,,,,MEA,35mm,BS65124,,2017-05-18,,,,,
,,,,EmmaG,S2T2,ZUSF00386,,,,MEA,35mm,BS65124,,2017-05-18,,,,,
,,,,EmmaG,S2T2,ZUSF00387,,,,MEA,35mm,BS65124,,2017-05-18,,,,,
,,,,EmmaG,S2T2,ZUSF00388,,,,MEA,35mm,BS65124,,2017-05-18,,,,,
,,,,EmmaG,S2T2,ZUSF00389,,,,MEA,35mm,BS65124,,2017-05-18,,,,,
,,,,EmmaG,S2T2,ZUSF00390,,,,MEA,35mm,BS65124,,2017-05-18,,,,,
,,,,EmmaG,S2T2,ZUSF00391,,,,MEA,35mm,BS65124,,2017-05-18,,,,,
,,,,EmmaG,S2T2,ZUSF00392,,,,MEA,35mm,BS65124,,2017-05-18,,,,,
,,,,EmmaG,S2T2,ZUSF00393,,,,MEA,35mm,BS65124,,2017-05-18,,,,,
,,,,EmmaG,S2T3,ZUSF00394,,,,MEA,35mm,BS65124,,2017-05-18,,,,,
,,,,EmmaG,S2T3,ZUSF00395,,,,MEA,35mm,BS65124,,2017-05-18,,,,,
,,,,EmmaG,S2T3,ZUSF00396,,,,MEA,35mm,BS65124,,2017-05-18,,,,,
,,,,EmmaG,S2T3,ZUSF00397,,,,MEA,35mm,BS65124,,2017-05-18,,,,,
,,,,EmmaG,S2T3,ZUSF00398,,,,MEA,35mm,BS65124,,2017-05-18,,,,,
,,,,EmmaG,S2T3,ZUSF00399,,,,MEA,35mm,BS65124,,2017-05-18,,,,,
,,,,EmmaG,S2T3,ZUSF00400,,,,MEA,35mm,BS65124,,2017-05-18,,,,,
,,,,EmmaG,S2T3,ZUSF00401,,,,MEA,35mm,BS65124,,2017-05-18,,,,,
,,,,EmmaG,S2T3,ZUSF00402,,,,MEA,35mm,BS65124,,2017-05-18,,,,,
,,,,EmmaG,S2T3,ZUSF00403,,,,MEA,35mm,BS65124,,2017-05-18,,,,,
,,,,EmmaG,S2T3,ZUSF00404,,,,MEA,35mm,BS65124,,2017-05-18,,,,,
,,,,EmmaG,S2T3,ZUSF00405,,,,MEA,35mm,BS65124,,2017-05-18,,,,,
,,,,EmmaG,S2T3,ZUSF00406,,,,MEA,35mm,BS65124,,2017-05-18,,,,,
,,,,EmmaG,S2T3,ZUSF00407,,,,MEA,35mm,BS65124,,2017-05-18,,,,,
,,,,EmmaG,S2T3,ZUSF00408,,,,MEA,35mm,BS65124,,2017-05-18,,,,,
,,,,EmmaG,S2T3,ZUSF00409,,,,MEA,35mm,BS65124,,2017-05-18,,,,,
,,,,EmmaG,S2T3,ZUSF00410,,,,MEA,35mm,BS65124,,2017-05-18,,,,,
,,,,EmmaG,S2T3,ZUSF00411,,,,MEA,35mm,BS65124,,2017-05-18,,,,,
,,,,EmmaG,S2T3,ZUSF00412,,,,MEA,35mm,BS65124,,2017-05-18,,,,,
,,,,EmmaG,S2T3,ZUSF00413,,,,MEA,35mm,BS65124,,2017-05-18,,,,,
,,,,EmmaG,S2T3,ZUSF00414,,,,MEA,35mm,BS65124,,2017-05-18,,,,,
,,,,EmmaG,S2T3,ZUSF00415,,,,MEA,35mm,BS65124,,2017-05-18,,,,,
,,,,EmmaG,S2T4,ZUSF00416,,,,MEA,35mm,BS65124,,2017-05-19,,,,,
,,,,EmmaG,S2T4,ZUSF00417,,,,MEA,35mm,BS65124,,2017-05-19,,,,,
,,,,EmmaG,S2T4,ZUSF00418,,,,MEA,35mm,BS65124,,2017-05-19,,,,,
,,,,EmmaG,S2T4,ZUSF00419,,,,MEA,35mm,BS65124,,2017-05-19,,,,,
,,,,EmmaG,S2T4,ZUSF00420,,,,MEA,35mm,BS65124,,2017-05-19,,,,,
,,,,EmmaG,S2T4,ZUSF00421,,,,MEA,35mm,BS65124,,2017-05-19,,,,,
,,,,EmmaG,S2T4,ZUSF00422,,,,MEA,35mm,BS65124,,2017-05-19,,,,,
,,,,EmmaG,S2T4,ZUSF00423,,,,MEA,35mm,BS65124,,2017-05-19,,,,,
,,,,EmmaG,S2T4,ZUSF00424,,,,MEA,35mm,BS65124,,2017-05-19,,,,,
,,,,EmmaG,S2T4,ZUSF00425,,,,MEA,35mm,BS65124,,2017-05-19,,,,,
,,,,EmmaG,S2T4,ZUSF00426,,,,MEA,35mm,BS65124,,2017-05-19,,,,,
,,,,EmmaG,S2T4,ZUSF00427,,,,MEA,35mm,BS65124,,2017-05-19,,,,,
,,,,EmmaG,S2T4,ZUSF00428,,,,MEA,35mm,BS65124,,2017-05-19,,,,,
,,,,EmmaG,S2T4,ZUSF00429,,,,MEA,35mm,BS65124,,2017-05-19,,,,,
,,,,EmmaG,S2T4,ZUSF00430,,,,MEA,35mm,BS65124,,2017-05-19,,,,,
,,,,EmmaG,S2T4,ZUSF00431,,,,MEA,35mm,BS65124,,2017-05-19,,,,,
,,,,EmmaG,S2T4,ZUSF00432,,,,MEA,35mm,BS65124,,2017-05-19,,,,,
,,,,EmmaG,S2T4,ZUSF00433,,,,MEA,35mm,BS65124,,2017-05-19,,,,,
,,,,EmmaG,S2T4,ZUSF00434,,,,MEA,35mm,BS65124,,2017-05-19,,,,,
,,,,EmmaG,S2T4,ZUSF00435,,,,MEA,35mm,BS65124,,2017-05-19,,,,,
,,,,EmmaG,S3T1,ZUSF00436,,,,MEA,35mm,BS65124,,2017-05-19,,,,,
,,,,EmmaG,S3T1,ZUSF00437,,,,MEA,35mm,BS65124,,2017-05-19,,,,,
,,,,EmmaG,S3T1,ZUSF00438,,,,MEA,35mm,BS65124,,2017-05-19,,,,,
,,,,EmmaG,S3T1,ZUSF00439,,,,MEA,35mm,BS65124,,2017-05-19,,,,,
,,,,EmmaG,S3T1,ZUSF00440,,,,MEA,35mm,BS65124,,2017-05-19,,,,,
,,,,EmmaG,S3T1,ZUSF00441,,,,MEA,35mm,BS65124,,2017-05-19,,,,,
,,,,EmmaG,S3T1,ZUSF00442,,,,MEA,35mm,BS65124,,2017-05-19,,,,,
,,,,EmmaG,S3T1,ZUSF00443,,,,MEA,35mm,BS65124,,2017-05-19,,,,,
,,,,EmmaG,S3T1,ZUSF00444,,,,MEA,35mm,BS65124,,2017-05-19,,,,,
,,,,EmmaG,S3T1,ZUSF00445,,,,MEA,35mm,BS65124,,2017-05-19,,,,,
,,,,EmmaG,S3T1,ZUSF00446,,,,MEA,35mm,BS65124,,2017-05-19,,,,,
,,,,EmmaG,S3T1,ZUSF00447,,,,MEA,35mm,BS65124,,2017-05-19,,,,,
,,,,EmmaG,S3T1,ZUSF00448,,,,MEA,35mm,BS65124,,2017-05-19,,,,,
,,,,EmmaG,S3T1,ZUSF00449,,,,MEA,35mm,BS65124,,2017-05-19,,,,,
,,,,EmmaG,S3T1,ZUSF00450,,,,MEA,35mm,BS65124,,2017-05-19,,,,,
,,,,EmmaG,S3T1,ZUSF00451,,,,MEA,35mm,BS65124,,2017-05-19,,,,,
,,,,EmmaG,S3T1,ZUSF00452,,,,MEA,35mm,BS65124,,2017-05-19,,,,,
,,,,EmmaG,S3T1,ZUSF00453,,,,MEA,35mm,BS65124,,2017-05-19,,,,,
,,,,EmmaG,S3T1,ZUSF00454,,,,MEA,35mm,BS65124,,2017-05-19,,,,,
,,,,EmmaG,S3T1,ZUSF00455,,,,MEA,35mm,BS65124,,2017-05-19,,,,,
,,,,EmmaG,S3T1,ZUSF00456,,,,MEA,35mm,BS65124,,2017-05-19,,,,,
,,,,EmmaG,S3T1,ZUSF00457,,,,MEA,35mm,BS65124,,2017-05-19,,,,,
,,,,EmmaG,S3T1,ZUSF00458,,,,MEA,35mm,BS65124,,2017-05-19,,,,,
,,,,EmmaG,S3T1,ZUSF00459,,,,MEA,35mm,BS65124,,2017-05-19,,,,,
,,,,EmmaG,S3T1,ZUSF00460,,,,MEA,35mm,BS65124,,2017-05-19,,,,,
,,,,EmmaG,S3T1,ZUSF00461,,,,MEA,35mm,BS65124,,2017-05-19,,,,,
,,,,EmmaG,S3T1,ZUSF00462,,,,MEA,35mm,BS65124,,2017-05-19,,,,,
,,,,EmmaG,S3T1,ZUSF00463,,,,MEA,35mm,BS65124,,2017-05-19,,,,,
,,,,EmmaG,S3T1,ZUSF00464,,,,MEA,35mm,BS65124,,2017-05-19,,,,,
,,,,EmmaG,S3T1,ZUSF00465,,,,MEA,35mm,BS65124,,2017-05-19,,,,,
,,,,EmmaG,S3T1,ZUSF00466,,,,MEA,35mm,BS65124,,2017-05-19,,,,,
,,,,EmmaG,S3T1,ZUSF00467,,,,MEA,35mm,BS65124,,2017-05-19,,,,,
,,,,EmmaG,S3T1,ZUSF00468,,,,MEA,35mm,BS65124,,2017-05-19,,,,,
,,,,EmmaG,S3T1,ZUSF00469,,,,MEA,35mm,BS65124,,2017-05-19,,,,,
,,,,EmmaG,S3T1,ZUSF00470,,,,MEA,35mm,BS65124,,2017-05-19,,,,,
,,,,EmmaG,S3T1,ZUSF00471,,,,MEA,35mm,BS65124,,2017-05-19,,,,,
,,,,EmmaG,S3T1,ZUSF00472,,,,MEA,35mm,BS65124,,2017-05-19,,,,,
,,,,EmmaG,S3T1,ZUSF00473,,,,MEA,35mm,BS65124,,2017-05-19,,,,,
,,,,EmmaG,S3T1,ZUSF00474,,,,MEA,35mm,BS65124,,2017-05-19,,,,,
,,,,EmmaG,S3T1,ZUSF00475,,,,MEA,35mm,BS65124,,2017-05-19,,,,,
,,,,EmmaG,S3T1,ZUSF00476,,,,MEA,35mm,BS65124,,2017-05-19,,,,,
,,,,EmmaG,S3T1,ZUSF00477,,,,MEA,35mm,BS65124,,2017-05-19,,,,,
,,,,EmmaG,S3T1,ZUSF00478,,,,MEA,35mm,BS65124,,2017-05-19,,,,,
,,,,EmmaG,S3T1,ZUSF00479,,,,MEA,35mm,BS65124,,2017-05-19,,,,,
,,,,EmmaG,S3T1,ZUSF00480,,,,MEA,35mm,BS65124,,2017-05-19,,,,,
,,,,EmmaG,S3T1,ZUSF00481,,,,MEA,35mm,BS65124,,2017-05-19,,,,,
,,,,EmmaG,S3T1,ZUSF00482,,,,MEA,35mm,BS65124,,2017-05-19,,,,,
,,,,EmmaG,S3T1,ZUSF00483,,,,MEA,35mm,BS65124,,2017-05-19,,,,,
,,,,EmmaG,S3T1,ZUSF00484,,,,MEA,35mm,BS65124,,2017-05-19,,,,,
,,,,EmmaG,S3T1,ZUSF00485,,,,MEA,35mm,BS65124,,2017-05-19,,,,,
,,,,EmmaG,S3T1,ZUSF00486,,,,MEA,35mm,BS65124,,2017-05-19,,,,,
,,,,EmmaG,S3T1,ZUSF00487,,,,MEA,35mm,BS65124,,2017-05-19,,,,,
,,,,EmmaG,S3T1,ZUSF00488,,,,MEA,35mm,BS65124,,2017-05-19,,,,,
,,,,EmmaG,S3T1,ZUSF00489,,,,MEA,35mm,BS65124,,2017-05-19,,,,,
,,,,EmmaG,S3T1,ZUSF00490,,,,MEA,35mm,BS65124,,2017-05-19,,,,,
,,,,EmmaG,S3T2,ZUSF00491,,,,MEA,35mm,BS65124,,2017-05-19,,,,,
,,,,EmmaG,S3T2,ZUSF00492,,,,MEA,35mm,BS65124,,2017-05-19,,,,,
,,,,EmmaG,S3T2,ZUSF00493,,,,MEA,35mm,BS65124,,2017-05-19,,,,,
,,,,EmmaG,S3T2,ZUSF00494,,,,MEA,35mm,BS65124,,2017-05-19,,,,,
,,,,EmmaG,S3T2,ZUSF00495,,,,MEA,35mm,BS65124,,2017-05-19,,,,,
,,,,EmmaG,S3T2,ZUSF00496,,,,MEA,35mm,BS65124,,2017-05-19,,,,,
,,,,EmmaG,S3T2,ZUSF00497,,,,MEA,35mm,BS65124,,2017-05-19,,,,,
,,,,EmmaG,S3T2,ZUSF00498,,,,MEA,35mm,BS65124,,2017-05-19,,,,,
,,,,EmmaG,S3T2,ZUSF00499,,,,MEA,35mm,BS65124,,2017-05-19,,,,,
,,,,EmmaG,S3T2,ZUSF00500,,,,MEA,35mm,BS65124,,2017-05-19,,,,,
,,,,EmmaG,S3T2,ZUSF00501,,,,MEA,35mm,BS65124,,2017-05-19,,,,,
,,,,EmmaG,S3T2,ZUSF00502,,,,MEA,35mm,BS65124,,2017-05-19,,,,,
,,,,EmmaG,S3T2,ZUSF00503,,,,MEA,35mm,BS65124,,2017-05-19,,,,,
,,,,EmmaG,S3T2,ZUSF00504,,,,MEA,35mm,BS65124,,2017-05-19,,,,,
,,,,EmmaG,S3T2,ZUSF00505,,,,MEA,35mm,BS65124,,2017-05-19,,,,,
,,,,EmmaG,S3T2,ZUSF00506,,,,MEA,35mm,BS65124,,2017-05-19,,,,,
,,,,EmmaG,S3T2,ZUSF00507,,,,MEA,35mm,BS65124,,2017-05-19,,,,,
,,,,EmmaG,S3T2,ZUSF00508,,,,MEA,35mm,BS65124,,2017-05-19,,,,,
,,,,EmmaG,S3T2,ZUSF00509,,,,MEA,35mm,BS65124,,2017-05-19,,,,,
,,,,EmmaG,S3T2,ZUSF00510,,,,MEA,35mm,BS65124,,2017-05-19,,,,,
,,,,EmmaG,S3T2,ZUSF00511,,,,MEA,35mm,BS65124,,2017-05-19,,,,,
,,,,EmmaG,S3T2,ZUSF00512,,,,MEA,35mm,BS65124,,2017-05-20,,,,,
,,,,EmmaG,S3T2,ZUSF00513,,,,MEA,35mm,BS65124,,2017-05-20,,,,,
,,,,EmmaG,S3T2,ZUSF00514,,,,MEA,35mm,BS65124,,2017-05-20,,,,,
,,,,EmmaG,S3T2,ZUSF00515,,,,MEA,35mm,BS65124,,2017-05-20,,,,,
,,,,EmmaG,S3T2,ZUSF00516,,,,MEA,35mm,BS65124,,2017-05-20,,,,,
,,,,EmmaG,S3T2,ZUSF00517,,,,MEA,35mm,BS65124,,2017-05-20,,,,,
,,,,EmmaG,S3T2,ZUSF00518,,,,MEA,35mm,BS65124,,2017-05-20,,,,,
,,,,EmmaG,S3T2,ZUSF00519,,,,MEA,35mm,BS65124,,2017-05-20,,,,,
,,,,EmmaG,S3T2,ZUSF00520,,,,MEA,35mm,BS65124,,2017-05-20,,,,,
,,,,EmmaG,S3T2,ZUSF00521,,,,MEA,35mm,BS65124,,2017-05-20,,,,,
,,,,EmmaG,S3T2,ZUSF00522,,,,MEA,35mm,BS65124,,2017-05-20,,,,,
,,,,EmmaG,S3T2,ZUSF00523,,,,MEA,35mm,BS65124,,2017-05-20,,,,,
,,,,EmmaG,S3T2,ZUSF00524,,,,MEA,35mm,BS65124,,2017-05-20,,,,,
,,,,EmmaG,S3T2,ZUSF00525,,,,MEA,35mm,BS65124,,2017-05-20,,,,,
,,,,EmmaG,S3T2,ZUSF00526,,,,MEA,35mm,BS65124,,2017-05-20,,,,,
,,,,EmmaG,S3T2,ZUSF00527,,,,MEA,35mm,BS65124,,2017-05-20,,,,,
,,,,EmmaG,S3T2,ZUSF00528,,,,MEA,35mm,BS65124,,2017-05-20,,,,,
,,,,EmmaG,S3T2,ZUSF00529,,,,MEA,35mm,BS65124,,2017-05-20,,,,,
,,,,EmmaG,S3T2,ZUSF00530,,,,MEA,35mm,BS65124,,2017-05-20,,,,,
,,,,EmmaG,S3T2,ZUSF00531,,,,MEA,35mm,BS65124,,2017-05-20,,,,,
,,,,EmmaG,S3T2,ZUSF00532,,,,MEA,35mm,BS65124,,2017-05-20,,,,,
,,,,EmmaG,S3T2,ZUSF00533,,,,MEA,35mm,BS65124,,2017-05-20,,,,,
,,,,EmmaG,S3T2,ZUSF00534,,,,MEA,35mm,BS65124,,2017-05-20,,,,,
,,,,EmmaG,S3T2,ZUSF00535,,,,MEA,35mm,BS65124,,2017-05-20,,,,,
,,,,EmmaG,S3T2,ZUSF00536,,,,MEA,35mm,BS65124,,2017-05-20,,,,,
,,,,EmmaG,S3T2,ZUSF00537,,,,MEA,35mm,BS65124,,2017-05-20,,,,,
,,,,EmmaG,S3T2,ZUSF00538,,,,MEA,35mm,BS65124,,2017-05-20,,,,,
,,,,EmmaG,S3T2,ZUSF00539,,,,MEA,35mm,BS65124,,2017-05-20,,,,,
,,,,EmmaG,S3T2,ZUSF00540,,,,MEA,35mm,BS65124,,2017-05-20,,,,,
,,,,EmmaG,S3T2,ZUSF00541,,,,MEA,35mm,BS65124,,2017-05-20,,,,,
,,,,EmmaG,S3T2,ZUSF00542,,,,MEA,35mm,BS65124,,2017-05-20,,,,,
,,,,EmmaG,S3T2,ZUSF00543,,,,MEA,35mm,BS65124,,2017-05-20,,,,,
,,,,EmmaG,S3T2,ZUSF00544,,,,MEA,35mm,BS65124,,2017-05-20,,,,,
,,,,EmmaG,S3T2,ZUSF00545,,,,MEA,35mm,BS65124,,2017-05-20,,,,,
,,,,EmmaG,S3T2,ZUSF00546,,,,MEA,35mm,BS65124,,2017-05-20,,,,,
,,,,EmmaG,S3T2,ZUSF00547,,,,MEA,35mm,BS65124,,2017-05-20,,,,,
,,,,EmmaG,S3T2,ZUSF00548,,,,MEA,35mm,BS65124,,2017-05-20,,,,,
,,,,EmmaG,S3T2,ZUSF00549,,,,MEA,35mm,BS65124,,2017-05-20,,,,,
,,,,EmmaG,S3T2,ZUSF00550,,,,MEA,35mm,BS65124,,2017-05-20,,,,,
,,,,EmmaG,S3T2,ZUSF00551,,,,MEA,35mm,BS65124,,2017-05-20,,,,,
,,,,EmmaG,S3T3,ZUSF00552,,,,MEA,35mm,BS65124,,2017-05-20,,,,,
,,,,EmmaG,S3T3,ZUSF00553,,,,MEA,35mm,BS65124,,2017-05-20,,,,,
,,,,EmmaG,S3T3,ZUSF00554,,,,MEA,35mm,BS65124,,2017-05-20,,,,,
,,,,EmmaG,S3T3,ZUSF00555,,,,MEA,35mm,BS65124,,2017-05-20,,,,,
,,,,EmmaG,S3T3,ZUSF00556,,,,MEA,35mm,BS65124,,2017-05-20,,,,,
,,,,EmmaG,S3T3,ZUSF00557,,,,MEA,35mm,BS65124,,2017-05-20,,,,,
,,,,EmmaG,S3T3,ZUSF00558,,,,MEA,35mm,BS65124,,2017-05-20,,,,,
,,,,EmmaG,S3T3,ZUSF00559,,,,MEA,35mm,BS65124,,2017-05-20,,,,,
,,,,EmmaG,S3T3,ZUSF00560,,,,MEA,35mm,BS65124,,2017-05-20,,,,,
,,,,EmmaG,S3T3,ZUSF00561,,,,MEA,35mm,BS65124,,2017-05-20,,,,,
,,,,EmmaG,S3T3,ZUSF00562,,,,MEA,35mm,BS65124,,2017-05-20,,,,,
,,,,EmmaG,S3T3,ZUSF00563,,,,MEA,35mm,BS65124,,2017-05-20,,,,,
,,,,EmmaG,S3T3,ZUSF00564,,,,MEA,35mm,BS65124,,2017-05-20,,,,,
,,,,EmmaG,S3T3,ZUSF00565,,,,MEA,35mm,BS65124,,2017-05-20,,,,,
,,,,EmmaG,S3T3,ZUSF00566,,,,MEA,35mm,BS65124,,2017-05-20,,,,,
,,,,EmmaG,S3T3,ZUSF00567,,,,MEA,35mm,BS65124,,2017-05-20,,,,,
,,,,EmmaG,S3T3,ZUSF00568,,,,MEA,35mm,BS65124,,2017-05-20,,,,,
,,,,EmmaG,S3T3,ZUSF00569,,,,MEA,35mm,BS65124,,2017-05-20,,,,,
,,,,EmmaG,S3T3,ZUSF00570,,,,MEA,35mm,BS65124,,2017-05-20,,,,,
,,,,EmmaG,S3T3,ZUSF00571,,,,MEA,35mm,BS65124,,2017-05-20,,,,,
,,,,EmmaG,S3T3,ZUSF00572,,,,MEA,35mm,BS65124,,2017-05-20,,,,,
,,,,EmmaG,S3T3,ZUSF00573,,,,MEA,35mm,BS65124,,2017-05-20,,,,,
,,,,EmmaG,S3T3,ZUSF00574,,,,MEA,35mm,BS65124,,2017-05-20,,,,,
,,,,EmmaG,S3T3,ZUSF00575,,,,MEA,35mm,BS65124,,2017-05-20,,,,,
,,,,EmmaG,S3T3,ZUSF00576,,,,MEA,35mm,BS65124,,2017-05-20,,,,,
,,,,EmmaG,S3T3,ZUSF00577,,,,MEA,35mm,BS65124,,2017-05-20,,,,,
,,,,EmmaG,S3T3,ZUSF00578,,,,MEA,35mm,BS65124,,2017-05-20,,,,,
,,,,EmmaG,S3T3,ZUSF00579,,,,MEA,35mm,BS65124,,2017-05-20,,,,,
,,,,EmmaG,S3T3,ZUSF00580,,,,MEA,35mm,BS65124,,2017-05-20,,,,,
,,,,EmmaG,S3T3,ZUSF00581,,,,MEA,35mm,BS65124,,2017-05-20,,,,,
,,,,EmmaG,S3T3,ZUSF00582,,,,MEA,35mm,BS65124,,2017-05-20,,,,,
,,,,EmmaG,S3T3,ZUSF00583,,,,MEA,35mm,BS65124,,2017-05-20,,,,,
,,,,EmmaG,S3T3,ZUSF00584,,,,MEA,35mm,BS65124,,2017-05-20,,,,,
,,,,EmmaG,S3T3,ZUSF00585,,,,MEA,35mm,BS65124,,2017-05-20,,,,,
,,,,EmmaG,S3T3,ZUSF00586,,,,MEA,35mm,BS65124,,2017-05-20,,,,,
,,,,EmmaG,S3T3,ZUSF00587,,,,MEA,35mm,BS65124,,2017-05-20,,,,,
,,,,EmmaG,S3T3,ZUSF00588,,,,MEA,35mm,BS65124,,2017-05-20,,,,,
,,,,EmmaG,S3T3,ZUSF00589,,,,MEA,35mm,BS65124,,2017-05-20,,,,,
,,,,EmmaG,S3T3,ZUSF00590,,,,MEA,35mm,BS65124,,2017-05-20,,,,,
,,,,EmmaG,S3T3,ZUSF00591,,,,MEA,35mm,BS65124,,2017-05-20,,,,,
,,,,EmmaG,S3T3,ZUSF00592,,,,MEA,35mm,BS65124,,2017-05-20,,,,,
,,,,EmmaG,S3T3,ZUSF00593,,,,MEA,35mm,BS65124,,2017-05-20,,,,,
,,,,EmmaG,S3T3,ZUSF00594,,,,MEA,35mm,BS65124,,2017-05-20,,,,,
,,,,EmmaG,S3T3,ZUSF00595,,,,MEA,35mm,BS65124,,2017-05-20,,,,,
,,,,EmmaG,S3T3,ZUSF00596,,,,MEA,35mm,BS65124,,2017-05-20,,,,,
,,,,EmmaG,S3T3,ZUSF00597,,,,MEA,35mm,BS65124,,2017-05-20,,,,,
,,,,EmmaG,S3T3,ZUSF00598,,,,MEA,35mm,BS65124,,2017-05-20,,,,,
,,,,EmmaG,S3T3,ZUSF00599,,,,MEA,35mm,BS65124,,2017-05-20,,,,,
,,,,EmmaG,S3T3,ZUSF00600,,,,MEA,35mm,BS65124,,2017-05-20,,,,,
,,,,EmmaG,S3T3,ZUSF00601,,,,MEA,35mm,BS65124,,2017-05-20,,,,,
,,,,EmmaG,S3T3,ZUSF00602,,,,MEA,35mm,BS65124,,2017-05-20,,,,,
,,,,EmmaG,S3T3,ZUSF00603,,,,MEA,35mm,BS65124,,2017-05-20,,,,,
,,,,EmmaG,S3T3,ZUSF00604,,,,MEA,35mm,BS65124,,2017-05-20,,,,,
,,,,EmmaG,S3T4,ZUSF00605,,,,MEA,35mm,BS65124,,2017-05-20,,,,,
,,,,EmmaG,S3T4,ZUSF00606,,,,MEA,35mm,BS65124,,2017-05-20,,,,,
,,,,EmmaG,S3T4,ZUSF00607,,,,MEA,35mm,BS65124,,2017-05-20,,,,,
,,,,EmmaG,S3T4,ZUSF00608,,,,MEA,35mm,BS65124,,2017-05-20,,,,,
,,,,EmmaG,S3T4,ZUSF00609,,,,MEA,35mm,BS65124,,2017-05-20,,,,,
,,,,EmmaG,S3T4,ZUSF00610,,,,MEA,35mm,BS65124,,2017-05-20,,,,,
,,,,EmmaG,S3T4,ZUSF00611,,,,MEA,35mm,BS65124,,2017-05-20,,,,,
,,,,EmmaG,S3T4,ZUSF00612,,,,MEA,35mm,BS65124,,2017-05-20,,,,,
,,,,EmmaG,S3T4,ZUSF00613,,,,MEA,35mm,BS65124,,2017-05-20,,,,,
,,,,EmmaG,S3T4,ZUSF00614,,,,MEA,35mm,BS65124,,2017-05-20,,,,,
,,,,EmmaG,S3T4,ZUSF00615,,,,MEA,35mm,BS65124,,2017-05-20,,,,,
,,,,EmmaG,S3T4,ZUSF00616,,,,MEA,35mm,BS65124,,2017-05-20,,,,,
,,,,EmmaG,S3T4,ZUSF00617,,,,MEA,35mm,BS65124,,2017-05-20,,,,,
,,,,EmmaG,S3T4,ZUSF00618,,,,MEA,35mm,BS65124,,2017-05-20,,,,,
,,,,EmmaG,S3T4,ZUSF00619,,,,MEA,35mm,BS65124,,2017-05-20,,,,,
,,,,EmmaG,S3T4,ZUSF00620,,,,MEA,35mm,BS65124,,2017-05-20,,,,,
,,,,EmmaG,S3T4,ZUSF00621,,,,MEA,35mm,BS65124,,2017-05-20,,,,,
,,,,EmmaG,S3T4,ZUSF00622,,,,MEA,35mm,BS65124,,2017-05-20,,,,,
,,,,EmmaG,S3T4,ZUSF00623,,,,MEA,35mm,BS65124,,2017-05-20,,,,,
,,,,EmmaG,S3T4,ZUSF00624,,,,MEA,35mm,BS65124,,2017-05-20,,,,,
,,,,EmmaG,S3T4,ZUSF00625,,,,MEA,35mm,BS65124,,2017-05-20,,,,,
,,,,EmmaG,S3T4,ZUSF00626,,,,MEA,35mm,BS65124,,2017-05-20,,,,,
,,,,EmmaG,S3T4,ZUSF00627,,,,MEA,35mm,BS65124,,2017-05-20,,,,,
,,,,EmmaG,S3T4,ZUSF00628,,,,MEA,35mm,BS65124,,2017-05-20,,,,,
,,,,EmmaG,S3T4,ZUSF00629,,,,MEA,35mm,BS65124,,2017-05-20,,,,,
,,,,EmmaG,S3T4,ZUSF00630,,,,MEA,35mm,BS65124,,2017-05-20,,,,,
,,,,EmmaG,S3T4,ZUSF00631,,,,MEA,35mm,BS65124,,2017-05-20,,,,,
,,,,EmmaG,S3T4,ZUSF00632,,,,MEA,35mm,BS65124,,2017-05-20,,,,,
,,,,EmmaG,S3T4,ZUSF00633,,,,MEA,35mm,BS65124,,2017-05-20,,,,,
,,,,EmmaG,S3T4,ZUSF00634,,,,MEA,35mm,BS65124,,2017-05-20,,,,,
,,,,EmmaG,S3T4,ZUSF00635,,,,MEA,35mm,BS65124,,2017-05-20,,,,,
,,,,EmmaG,S3T4,ZUSF00636,,,,MEA,35mm,BS65124,,2017-05-20,,,,,
,,,,EmmaG,S3T4,ZUSF00637,,,,MEA,35mm,BS65124,,2017-05-20,,,,,
,,,,EmmaG,S3T4,ZUSF00638,,,,MEA,35mm,BS65124,,2017-05-20,,,,,
,,,,EmmaG,S3T4,ZUSF00639,,,,MEA,35mm,BS65124,,2017-05-20,,,,,
,,,,EmmaG,S3T4,ZUSF00640,,,,MEA,35mm,BS65124,,2017-05-20,,,,,
,,,,EmmaG,S3T4,ZUSF00641,,,,MEA,35mm,BS65124,,2017-05-20,,,,,
,,,,EmmaG,S3T4,ZUSF00642,,,,MEA,35mm,BS65124,,2017-05-20,,,,,
,,,,EmmaG,S3T4,ZUSF00643,,,,MEA,35mm,BS65124,,2017-05-20,,,,,
,,,,EmmaG,S3T4,ZUSF00644,,,,MEA,35mm,BS65124,,2017-05-20,,,,,
,,,,EmmaG,S3T4,ZUSF00645,,,,MEA,35mm,BS65124,,2017-05-20,,,,,
,,,,EmmaG,S3T4,ZUSF00646,,,,MEA,35mm,BS65124,,2017-05-20,,,,,
,,,,EmmaG,S3T4,ZUSF00647,,,,MEA,35mm,BS65124,,2017-05-20,,,,,
,,,,EmmaG,S3T4,ZUSF00648,,,,MEA,35mm,BS65124,,2017-05-20,,,,,
,,,,EmmaG,S3T4,ZUSF00649,,,,MEA,35mm,BS65124,,2017-05-20,,,,,
,,,,EmmaG,S3T4,ZUSF00650,,,,MEA,35mm,BS65124,,2017-05-20,,,,,
,,,,EmmaG,S3T4,ZUSF00651,,,,MEA,35mm,BS65124,,2017-05-20,,,,,
,,,,EmmaG,ZUSF00357,ZUSF00652,,,,MEA,35mm,BS65124,,2017-06-09,fuzzy,,,,
,,,,EmmaG,ZUSF00357,ZUSF00653,,,,MEA,35mm,BS65124,,2017-06-09,orange,,,,
,,,,EmmaG,ZUSF00521,ZUSF00654,,,,MEA,35mm,BS65124,,2017-06-09,dark green,,,,
,,,,EmmaG,ZUSF00521,ZUSF00655,,,,MEA,35mm,BS65124,,2017-06-09,"fibrous, clear",,,,
,,,,EmmaG,ZUSF00283,ZUSF00656,,,,MEA,35mm,BS65124,,2017-06-09,,,,,
,,,,EmmaG,ZUSF00362,ZUSF00657,,,,MEA,35mm,BS65124,,2017-06-09,,,,,
,,,,EmmaG,ZUSF00242,ZUSF00658,,,,MEA,35mm,BS65124,,2017-06-09,white,,,,
,,,,EmmaG,ZUSF00424,ZUSF00659,,,,MEA,35mm,BS65124,,2017-06-09,green,,,,
,,,,EmmaG,ZUSF00645,ZUSF00660,,,,MEA,35mm,BS65124,,2017-06-09,pink,,,,
,,,,EmmaG,ZUSF00645,ZUSF00661,,,,MEA,35mm,BS65124,,2017-06-09,green,,,,
,,,,EmmaG,ZUSF00590,ZUSF00662,,,,MEA,35mm,BS65124,,2017-06-09,,,,,
,,,,EmmaG,ZUSF00516,ZUSF00663,,,,MEA,35mm,BS65124,,2017-06-09,pink,,,,
,,,,EmmaG,ZUSF00516,ZUSF00664,,,,MEA,35mm,BS65124,,2017-06-09,fuzzy,,,,
,,,,EmmaG,ZUSF00516,ZUSF00665,,,,MEA,35mm,BS65124,,2017-06-09,dark,,,,
,,,,EmmaG,ZUSF00601,ZUSF00666,,,,MEA,35mm,BS65124,,2017-06-09,orange,,,,
,,,,EmmaG,ZUSF00601,ZUSF00667,,,,MEA,35mm,BS65124,,2017-06-09,dark,,,,
,,,,EmmaG,ZUSF00597,ZUSF00668,,,,MEA,35mm,BS65124,,2017-06-09,"white, fluffy",,,,
,,,,EmmaG,ZUSF00597,ZUSF00669,,,,MEA,35mm,BS65124,,2017-06-09,fibrous,,,,
,,,,EmmaG,ZUSF00506,ZUSF00670,,,,MEA,35mm,BS65124,,2017-06-09,green,,,,
,,,,EmmaG,ZUSF00506,ZUSF00671,,,,MEA,35mm,BS65124,,2017-06-09,brown,,,,
,,,,EmmaG,ZUSF00353,ZUSF00672,,,,MEA,35mm,BS65124,,2017-06-09,green,,,,
,,,,EmmaG,ZUSF00353,ZUSF00673,,,,MEA,35mm,BS65124,,2017-06-09,white,,,,
,,,,EmmaG,ZUSF00451,ZUSF00674,,,,MEA,35mm,BS65124,,2017-06-09,pink,,,,
,,,,EmmaG,ZUSF00451,ZUSF00675,,,,MEA,35mm,BS65124,,2017-06-09,brown,,,,
,,,,EmmaG,ZUSF00418,ZUSF00676,,,,MEA,35mm,BS65124,,2017-06-09,white,,,,
,,,,EmmaG,ZUSF00418,ZUSF00677,,,,MEA,35mm,BS65124,,2017-06-09,green,,,,
,,,,EmmaG,ZUSF00418,ZUSF00678,,,,MEA,35mm,BS65124,,2017-06-09,yellow,,,,
,,,,EmmaG,ZUSF00276,ZUSF00679,,,,MEA,35mm,BS65124,,2017-06-09,yellow,,,,
,,,,EmmaG,ZUSF00276,ZUSF00680,,,,MEA,35mm,BS65124,,2017-06-09,white,,,,
,,,,EmmaG,ZUSF00276,ZUSF00681,,,,MEA,35mm,BS65124,,2017-06-09,darker,,,,
,,,,EmmaG,ZUSF00475,ZUSF00682,,,,MEA,35mm,BS65124,,2017-06-09,dark,,,,
,,,,EmmaG,ZUSF00475,ZUSF00683,,,,MEA,35mm,BS65124,,2017-06-09,light,,,,
,,,,EmmaG,ZUSF00662,ZUSF00684,,,,MEA,35mm,BS65124,,2017-06-14,,,,,
,,,,EmmaG,ZUSF00656,ZUSF00685,,,,MEA,35mm,BS65124,,2017-06-14,,,,,
,,,,EmmaG,ZUSF00657,ZUSF00686,,,,MEA,35mm,BS65124,,2017-06-14,,,,,
,,,,EmmaG,ZUSF00677,ZUSF00687,,,,MEA,35mm,BS65124,,2017-06-14,,,,,
,,,,EmmaG,ZUSF00677,ZUSF00688,,,,MEA,35mm,BS65124,,2017-06-14,,,,,
,,,,EmmaG,ZUSF00653,ZUSF00689,,,,MEA,35mm,BS65124,,2017-06-14,,,,,
,,,,EmmaG,ZUSF00653,ZUSF00690,,,,MEA,35mm,BS65124,,2017-06-14,,,,,
,,,,EmmaG,ZUSF00659,ZUSF00691,,,,MEA,35mm,BS65124,,2017-06-14,,,,,
,,,,EmmaG,ZUSF00659,ZUSF00692,,,,MEA,35mm,BS65124,,2017-06-14,,,,,
,,,,EmmaG,ZUSF00655,ZUSF00693,,,,MEA,35mm,BS65124,,2017-06-15,,,,,
,,,,EmmaG,ZUSF00655,ZUSF00694,,,,MEA,35mm,BS65124,,2017-06-15,,,,,
,,,,EmmaG,ZUSF00668,ZUSF00695,,,,MEA,35mm,BS65124,,2017-06-15,,,,,
,,,,EmmaG,ZUSF00678,ZUSF00696,,,,MEA,35mm,BS65124,,2017-06-15,,,,,
,,,,EmmaG,ZUSF00668,ZUSF00697,,,,MEA,35mm,BS65124,,2017-06-15,,,,,
,,,,EmmaG,ZUSF00680,ZUSF00698,,,,MEA,35mm,BS65124,,2017-06-29,,,,,
,,,,EmmaG,ZUSF00679,ZUSF00699,,,,MEA,35mm,BS65124,,2017-06-29,,,,,
,,,,EmmaG,ZUSF00690,ZUSF00700,,,,MEA,35mm,BS65124,,2017-06-29,,,,,
,,,,EmmaG,ZUSF00690,ZUSF00701,,,,MEA,35mm,BS65124,,2017-06-29,,,,,
,,,,EmmaG,ZUSF00692,ZUSF00702,,,,MEA,35mm,BS65124,,2017-06-29,,,,,
,,,,EmmaG,ZUSF00692,ZUSF00703,,,,MEA,35mm,BS65124,,2017-06-29,,,,,
,,,,EmmaG,ZUSF00687,ZUSF00704,,,,MEA,35mm,BS65124,,2017-06-29,,,,,
,,,,EmmaG,ZUSF00687,ZUSF00705,,,,MEA,35mm,BS65124,,2017-06-29,,,,,
,,,,,ZUSF00675,ZUSF00706,,,,MEA,35mm,BS65124,,2017-07-20,brown,,,,
,,,,,ZUSF00675,ZUSF00707,,,,MEA,35mm,BS65124,,2017-07-20,white,,,,
,,,,,ZUSF00700,ZUSF00708,,,,MEA,35mm,BS65124,,2017-07-20,green,,,,
,,,,,ZUSF00700,ZUSF00709,,,,MEA,35mm,BS65124,,2017-07-20,white,,,,