ID_Culture_event,IDf_Plant_experimental_treatment,IDf_Culture,IDf_Personnel,Date,Time,Label_ID,Status,Morphology,Culture_diameter_cm,Image_path,Data_path,Notes,z_RecordCreationTimestamp,z_RecordModificationTimestamp,z_RecordCreationAccount,z_RecordModificationAccount
,,,Emma,2017-02-10,16:14,FV0078,ok,,,,,,,,,
,,,Emma,2017-02-10,16:14,FV0080,ok,,,,,,,,,
,,,Emma,2017-02-10,16:14,FV0081,ok,,,,,,,,,
,,,Emma,2017-02-10,16:14,FV0082,ok,,,,,,,,,
,,,Emma,2017-02-10,16:14,FV0083,ok,,,,,,,,,
,,,Emma,2017-02-10,16:14,FV0575,ok,,,,,,,,,
,,,Emma,2017-02-10,16:14,FV0577,ok,,,,,,,,,
,,,Emma,2017-02-10,16:14,FV0578,ok,,,,,,,,,
,,,Emma,2017-02-10,16:14,FV0579,ok,,,,,,,,,
,,,Emma,2017-02-10,16:14,FV0444,ok,,,,,,,,,
,,,Emma,2017-02-10,16:14,FV0442,Autoclaved,,,,,dried out,,,,
,,,Emma,2017-02-10,16:14,FV0440,mixed,,,,,,,,,
,,,Emma,2017-02-10,16:14,FV0435,ok,,,,,,,,,
,,,Emma,2017-02-10,16:14,FV0429,ok,,,,,,,,,
,,,Emma,2017-02-10,16:14,FV0426,bacterial,,,,,,,,,
,,,Emma,2017-02-10,16:14,FV0574,ok,,,,,,,,,
,,,Emma,2017-02-10,16:14,FV0573,ok,,,,,,,,,
,,,Emma,2017-02-10,16:14,FV0541,ok,,,,,,,,,
,,,Emma,2017-02-10,16:14,FV0538,ok,,,,,,,,,
,,,Emma,2017-02-10,16:14,FV0537,ok,,,,,,,,,
,,,Emma,2017-02-10,16:14,FV0535,ok,,,,,,,,,
,,,Emma,2017-02-10,16:14,FV0531,Autoclaved,,,,,contaminated,,,,
,,,Emma,2017-02-10,16:14,FV0457,Action needed,,,,,"contaminated, but interesting species",,,,
,,,Emma,2017-02-10,16:14,FV0455,ok,,,,,,,,,
,,,Emma,2017-02-10,16:14,FV0452,ok,,,,,,,,,
,,,Emma,2017-02-10,16:14,FV0447,ok,,,,,,,,,
,,,Emma,2017-02-10,16:14,FV0446,ok,,,,,,,,,
,,,Emma,2017-02-10,16:14,FV0547,ok,,,,,,,,,
,,,Emma,2017-02-10,16:14,FV0546,ok,,,,,,,,,
,,,Emma,2017-02-10,16:14,FV0545,ok,,,,,,,,,
,,,Emma,2017-02-10,16:52,FV0543,ok,,,,,,,,,
,,,Emma,2017-02-10,16:52,FV0542,ok,,,,,,,,,
,,,Emma,2017-02-10,16:52,FV0572,ok,,,,,,,,,
,,,Emma,2017-02-10,16:52,FV0571,ok,,,,,,,,,
,,,Emma,2017-02-10,16:52,FV0569,ok,,,,,,,,,
,,,Emma,2017-02-10,16:52,FV0568,Autoclaved,,,,,dried out,,,,
,,,Emma,2017-02-10,16:52,FV0566,ok,,,,,,,,,
,,,Emma,2017-02-10,16:52,FV0565,Autoclaved,,,,,contaminated,,,,
,,,Emma,2017-02-10,16:52,FV0563,Autoclaved,,,,,dried out,,,,
,,,Emma,2017-02-10,16:52,FV0562,Autoclaved,,,,,dried out,,,,
,,,Emma,2017-02-10,16:52,FV0558,Autoclaved,,,,,contaminated,,,,
,,,Emma,2017-02-10,16:52,FV0559,Action needed,,,,,want to culture the contamination,,,,
,,,Emma,2017-02-10,17:01,FV0528,ok,,,,,,,,,
,,,Emma,2017-02-10,17:01,FV0521,Autoclaved,,,,,contaminated,,,,
,,,Emma,2017-02-10,17:01,FV0618,ok,,,,,,,,,
,,,Emma,2017-02-10,17:01,FV0515,ok,,,,,,,,,
,,,Emma,2017-02-10,17:01,FV0512,Autoclaved,,,,,contaminated,,,,
,,,Emma,2017-02-10,17:01,FV0557,ok,,,,,,,,,
,,,Emma,2017-02-10,17:01,FV0555,ok,,,,,,,,,
,,,Emma,2017-02-10,17:01,FV0551,ok,,,,,,,,,
,,,Emma,2017-02-10,17:01,FV0550,mixed,,,,,,,,,
,,,Emma,2017-02-10,17:01,FV0549,ok,,,,,,,,,
,,,Emma,2017-02-10,17:01,FV0467,ok,,,,,,,,,
,,,Emma,2017-02-10,17:01,FV0464,ok,,,,,,,,,
,,,Emma,2017-02-10,17:01,FV0462,Autoclaved,,,,,contaminated,,,,
,,,Emma,2017-02-10,17:01,FV0461,bacterial,,,,,,,,,
,,,Emma,2017-02-10,17:01,FV0460,Autoclaved,,,,,contaminated,,,,
,,,Emma,2017-02-10,17:16,FV0481,Autoclaved,,,,,contaminated,,,,
,,,Emma,2017-02-10,17:16,FV0480,ok,,,,,,,,,
,,,Emma,2017-02-10,17:16,FV0478,ok,,,,,,,,,
,,,Emma,2017-02-10,17:16,FV0477,ok,,,,,,,,,
,,,Emma,2017-02-10,17:16,FV0471,ok,,,,,,,,,
,,,Emma,2017-02-10,17:16,FV0511,ok,,,,,,,,,
,,,Emma,2017-02-10,17:16,FV0506,ok,,,,,,,,,
,,,Emma,2017-02-10,17:16,FV0505,ok,,,,,,,,,
,,,Emma,2017-02-10,17:16,FV0503,ok,,,,,,,,,
,,,Emma,2017-02-10,17:16,FV0500,ok,,,,,,,,,
,,,Emma,2017-02-10,17:16,FV0490,ok,,,,,,,,,
,,,Emma,2017-02-10,17:16,FV0487,Autoclaved,,,,,contaminated,,,,
,,,Emma,2017-02-10,17:16,FV0486,ok,,,,,,,,,
,,,Emma,2017-02-10,17:16,FV0484,Autoclaved,,,,,contaminated,,,,
,,,Emma,2017-02-10,17:16,FV0482,ok,,,,,,,,,
,,,Emma,2017-02-10,17:16,FV0331,mixed,,,,,,,,,
,,,Emma,2017-02-10,17:16,FV0324,ok,,,,,,,,,
,,,Emma,2017-02-10,17:16,FV0323,ok,,,,,,,,,
,,,Emma,2017-02-10,17:16,FV0300,Autoclaved,,,,,dried out,,,,
,,,Emma,2017-02-10,17:16,FV0299,Autoclaved,,,,,dried out,,,,
,,,Emma,2017-02-10,17:16,FV0257,ok,,,,,,,,,
,,,Emma,2017-02-10,17:16,FV0251,ok,,,,,,,,,
,,,Emma,2017-02-10,17:16,FV0250,bacterial,,,,,,,,,
,,,Emma,2017-02-10,17:16,FV0244,Autoclaved,,,,,contaminated,,,,
,,,Emma,2017-02-10,17:16,FV0243,Autoclaved,,,,,contaminated,,,,
,,,Emma,2017-02-10,17:16,FV0417,mixed,,,,,bacterial contamination?,,,,
,,,Emma,2017-02-10,17:16,FV0399,ok,,,,,,,,,
,,,Emma,2017-02-10,17:16,FV0378,bacterial,,,,,,,,,
,,,Emma,2017-02-10,17:16,FV0376,mixed,,,,,mostly bacterial,,,,
,,,Emma,2017-02-10,17:16,FV0229,Autoclaved,,,,,dried out,,,,
,,,Emma,2017-02-10,17:16,FV0365,Autoclaved,,,,,dried out,,,,
,,,Emma,2017-02-10,17:16,FV0364,mixed,,,,,bacterial contamination?,,,,
,,,Emma,2017-02-10,17:16,FV0363,mixed,,,,,bacterial contamination?,,,,
,,,Emma,2017-02-10,17:16,FV0360,mixed,,,,,bacterial contamination?,,,,
,,,Emma,2017-02-10,17:16,FV0351,ok,,,,,,,,,
,,,Emma,2017-02-10,17:16,FV0350,ok,,,,,,,,,
,,,Emma,2017-02-10,17:16,FV0349,ok,,,,,,,,,
,,,Emma,2017-02-10,17:16,FV0347,ok,,,,,,,,,
,,,Emma,2017-02-10,17:16,FV0342,mixed,,,,,bacterial conotamination?,,,,
,,,Emma,2017-02-10,17:52,FV0340,Autoclaved,,,,,contaminated,,,,
,,,Emma,2017-02-10,17:52,FV0242,ok,,,,,,,,,
,,,Emma,2017-02-10,17:52,FV0240,bacterial,,,,,,,,,
,,,Emma,2017-02-10,17:52,FV0238,mixed,,,,,,,,,
,,,Emma,2017-02-10,17:52,FV0231,mixed,,,,,bacterial contamination?,,,,
,,,Emma,2017-02-10,17:52,FV0228,ok,,,,,,,,,
,,,Emma,2017-02-10,17:52,FV0225,ok,,,,,,,,,
,,,Emma,2017-02-10,17:52,FV0220,Autoclaved,,,,,contaminated,,,,
,,,Emma,2017-02-10,17:52,FV0210,mixed,,,,,,,,,
,,,Emma,2017-02-10,17:52,FV0206,Autoclaved,,,,,contaminated,,,,
,,,Emma,2017-02-10,17:52,FV0194,Autoclaved,,,,,contaminated,,,,
,,,Emma,2017-02-10,17:52,FV0187,ok,,,,,,,,,
,,,Emma,2017-02-10,17:52,FV0186,Autoclaved,,,,,contaminated,,,,
,,,Emma,2017-02-10,18:02,FV0175,bacterial,,,,,,,,,
,,,Emma,2017-02-10,18:02,FV0174,bacterial,,,,,,,,,
,,,Emma,2017-02-16,11:24,FV0123,ok,,,,,,,,,
,,,Emma,2017-02-16,11:24,FV0122,ok,,,,,,,,,
,,,Emma,2017-02-16,11:24,FV0121,bacterial,,,,,,,,,
,,,Emma,2017-02-16,11:24,FV0119,ok,,,,,,,,,
,,,Emma,2017-02-16,11:24,FV0116,bacterial,,,,,unsure,,,,
,,,Emma,2017-02-16,11:24,FV0115,ok,,,,,,,,,
,,,Emma,2017-02-16,11:24,FV0113,ok,,,,,,,,,
,,,Emma,2017-02-16,11:24,FV0112,ok,,,,,,,,,
,,,Emma,2017-02-16,11:24,FV0119,bacterial,,,,,,,,,
,,,Emma,2017-02-16,11:24,FV0108,ok,,,,,,,,,
,,,Emma,2017-02-16,11:24,FV0105,bacterial,,,,,,,,,
,,,Emma,2017-02-16,11:24,FV0104,ok,,,,,,,,,
,,,Emma,2017-02-16,11:24,FV0102,ok,,,,,,,,,
,,,Emma,2017-02-16,11:24,FV0099,ok,,,,,,,,,
,,,Emma,2017-02-16,11:24,FV098,ok,,,,,,,,,
,,,Emma,2017-02-16,11:24,FV0095,Autoclaved,,,,,dried out,,,,
,,,Emma,2017-02-16,11:24,FV0094,ok,,,,,,,,,
,,,Emma,2017-02-16,11:24,FV0093,ok,,,,,,,,,
,,,Emma,2017-02-16,11:24,FV0091,ok,,,,,,,,,
,,,Emma,2017-02-16,11:24,FV0090,ok,,,,,,,,,
,,,Emma,2017-02-16,11:24,FV0173,bacterial,,,,,,,,,
,,,Emma,2017-02-16,11:24,FV0172,bacterial,,,,,,,,,
,,,Emma,2017-02-16,11:24,FV0171,bacterial,,,,,,,,,
,,,Emma,2017-02-16,11:24,FV0170,bacterial,,,,,,,,,
,,,Emma,2017-02-16,11:24,FV0168,bacterial,,,,,,,,,
,,,Emma,2017-02-16,11:24,FV0287,ok,,,,,brown spots on side?,,,,
,,,Emma,2017-02-16,11:24,FV0273,ok,,,,,,,,,
,,,Emma,2017-02-16,11:24,FV0260,mixed,,,,,,,,,
,,,Emma,2017-02-16,11:24,FV0262,ok,,,,,,,,,
,,,Emma,2017-02-16,11:24,FV0167,Autoclaved,,,,,dried out,,,,
,,,Emma,2017-02-16,11:24,FV0165,Autoclaved,,,,,contaminated,,,,
,,,Emma,2017-02-16,11:24,FV0145,mixed,,,,,appears to be recent bacterial and fungal growth,,,,
,,,Emma,2017-02-16,11:24,FV0144,ok,,,,,,,,,
,,,Emma,2017-02-16,11:24,FV0132,Autoclaved,,,,,contaminated,,,,
,,,Emma,2017-02-16,11:50,FV077,ok,,,,,,,,,
,,,Emma,2017-02-16,11:50,FV0076,ok,,,,,,,,,
,,,Emma,2017-02-16,11:50,FV0073,ok,,,,,,,,,
,,,Emma,2017-02-16,11:50,FV0072,ok,,,,,,,,,
,,,Emma,2017-02-16,11:50,FV0069,ok,,,,,,,,,
,,,Emma,2017-02-16,11:50,FV0065,ok,,,,,,,,,
,,,Emma,2017-02-16,11:50,FV0064,ok,,,,,,,,,
,,,Emma,2017-02-16,11:50,FV0062,ok,,,,,,,,,
,,,Emma,2017-02-16,11:50,FV0060,ok,,,,,,,,,
,,,Emma,2017-02-16,11:50,FV0058,ok,,,,,,,,,
,,,Emma,2017-02-16,11:50,FV0057,mixed,,,,,,,,,
,,,Emma,2017-02-16,11:50,FV0053,ok,,,,,,,,,
,,,Emma,2017-02-16,11:50,FV0052,bacterial,,,,,,,,,
,,,Emma,2017-02-16,11:50,FV0051,ok,,,,,,,,,
,,,Emma,2017-02-16,11:50,FV0045,ok,,,,,,,,,
,,,Emma,2017-02-16,11:50,FV0038,ok,,,,,orange spot?,,,,
,,,Emma,2017-02-16,11:50,FV0036,bacterial,,,,,,,,,
,,,Emma,2017-02-16,11:50,FV0035,mixed,,,,,,,,,
,,,Emma,2017-02-16,11:50,FV0032,ok,,,,,,,,,
,,,Emma,2017-02-16,11:50,FV0031,ok,,,,,,,,,
,,,Emma,2017-02-16,11:50,FV0089,ok,,,,,,,,,
,,,Emma,2017-02-16,11:50,FV0088,ok,,,,,,,,,
,,,Emma,2017-02-16,11:50,FV0087,ok,,,,,,,,,
,,,Emma,2017-02-16,11:50,FV0086,ok,,,,,,,,,
,,,Emma,2017-02-16,11:50,FV0084,ok,,,,,,,,,
,,,Emma,2017-02-16,12:04,FV0027,ok,,,,,,,,,
,,,Emma,2017-02-16,12:04,FV0026,ok,,,,,,,,,
,,,Emma,2017-02-16,12:04,FV0018,bacterial,,,,,maybe cloudy medium?,,,,
,,,Emma,2017-02-16,12:04,FV0017,ok,,,,,,,,,
,,,Emma,2017-02-16,12:04,FV0007,bacterial,,,,,,,,,
,,,Emma,2017-03-09,11:40,ZUSF00001,bacterial,,,,,,,,,
,,,Emma,2017-03-09,11:40,ZUSF00002,no growth,,,,,,,,,
,,,Emma,2017-03-09,11:40,ZUSF00003,bacterial,,,,,,,,,
,,,Emma,2017-03-09,11:40,ZUSF00004,no growth,,,,,,,,,
,,,Emma,2017-03-09,11:40,ZUSF00005,no growth,,,,,,,,,
,,,Emma,2017-03-09,11:40,ZUSF00006,ok,,,,,,,,,
,,,Emma,2017-03-09,11:40,ZUSF00007,no growth,,,,,,,,,
,,,Emma,2017-03-09,11:40,ZUSF00008,no growth,,,,,,,,,
,,,Emma,2017-03-09,11:40,ZUSF00009,no growth,,,,,,,,,
,,,Emma,2017-03-09,11:40,ZUSF00010,no growth,,,,,,,,,
,,,Emma,2017-03-09,11:45,ZUSF00011,no growth,,,,,,,,,
,,,Emma,2017-03-09,11:45,ZUSF00012,no growth,,,,,,,,,
,,,Emma,2017-03-09,11:45,ZUSF00013,no growth,,,,,,,,,
,,,Emma,2017-03-09,11:45,ZUSF00014,no growth,,,,,,,,,
,,,Emma,2017-03-09,11:45,ZUSF00015,no growth,,,,,,,,,
,,,Emma,2017-03-09,11:45,ZUSF00016,no growth,,,,,,,,,
,,,Emma,2017-03-09,11:45,ZUSF00017,no growth,,,,,,,,,
,,,Emma,2017-03-09,11:45,ZUSF00018,no growth,,,,,,,,,
,,,Emma,2017-03-09,11:45,ZUSF00019,contaminated ?,,,,,"***slice of original medium is stuck to lid, appeard to be bacteria from sides",,,,
,,,Emma,2017-03-09,11:45,ZUSF00020,no growth,,,,,,,,,
,,,Emma,2017-03-09,11:50,ZUSF00021,no growth,,,,,,,,,
,,,Emma,2017-03-09,11:50,ZUSF00022,no growth,,,,,,,,,
,,,Emma,2017-03-09,11:50,ZUSF00023,no growth,,,,,,,,,
,,,Emma,2017-03-09,11:50,ZUSF00024,no growth,,,,,,,,,
,,,Emma,2017-03-09,11:50,ZUSF00025,bacterial,,,,,,,,,
,,,Emma,2017-03-09,11:50,ZUSF00026,bacterial,,,,,,,,,
,,,Emma,2017-03-09,11:50,ZUSF00027,no growth,,,,,,,,,
,,,Emma,2017-03-09,11:50,ZUSF00028,no growth,,,,,,,,,
,,,Emma,2017-03-09,11:50,ZUSF00029,ok,,,,,,,,,
,,,Emma,2017-03-09,11:50,ZUSF00030,no growth,,,,,,,,,
,,,Emma,2017-03-09,11:50,ZUSF00031,ok ,,,,,"growth aroung egdes, appeared to be fungal",,,,
,,,Emma,2017-03-09,11:50,ZUSF00032,no growth,,,,,,,,,
,,,Emma,2017-03-09,11:50,ZUSF00033,no growth,,,,,,,,,
,,,Emma,2017-03-09,11:50,ZUSF00034,no growth,,,,,,,,,
,,,Emma,2017-03-09,11:50,ZUSF00035,no growth,,,,,,,,,
,,,Emma,2017-03-09,11:50,ZUSF00036,no growth,,,,,,,,,
,,,Emma,2017-03-09,11:50,ZUSF00037,no growth,,,,,,,,,
,,,Emma,2017-03-09,11:50,ZUSF00038,no growth,,,,,,,,,
,,,Emma,2017-03-09,11:50,ZUSF00039,no growth,,,,,,,,,
,,,Emma,2017-03-09,11:50,ZUSF00040,no growth,,,,,,,,,
,,,Emma,2017-03-09,12:00,ZUSF00041,no growth,,,,,,,,,
,,,Emma,2017-03-09,12:00,ZUSF00042,no growth,,,,,,,,,
,,,Emma,2017-03-09,12:00,ZUSF00043,no growth,,,,,,,,,
,,,Emma,2017-03-09,12:00,ZUSF00044,no growth,,,,,,,,,
,,,Emma,2017-03-09,12:00,ZUSF00045,no growth,,,,,,,,,
,,,Emma,2017-03-09,12:00,ZUSF00046,no growth,,,,,,,,,
,,,Emma,2017-03-09,12:00,ZUSF00047,no growth,,,,,,,,,
,,,Emma,2017-03-09,12:00,ZUSF00048,no growth,,,,,,,,,
,,,Emma,2017-03-09,12:00,ZUSF00049,no growth,,,,,,,,,
,,,Emma,2017-03-09,12:00,ZUSF00050,no growth,,,,,,,,,
,,,Emma,2017-03-09,12:00,ZUSF00051,ok,,,,,,,,,
,,,Emma,2017-03-09,12:00,ZUSF00052,no growth,,,,,,,,,
,,,Emma,2017-03-09,12:00,ZUSF00053,no growth,,,,,,,,,
,,,Emma,2017-03-09,12:00,ZUSF00054,no growth,,,,,,,,,
,,,Emma,2017-03-09,12:00,ZUSF00055,no growth,,,,,,,,,
,,,Emma,2017-03-09,12:00,ZUSF00056,no growth,,,,,,,,,
,,,Emma,2017-03-09,12:00,ZUSF00057,no growth,,,,,,,,,
,,,Emma,2017-03-09,12:00,ZUSF00058,no growth,,,,,,,,,
,,,Emma,2017-03-09,12:00,ZUSF00059,no growth,,,,,,,,,
,,,Emma,2017-03-09,12:00,ZUSF00060,no growth,,,,,,,,,
,,,Emma,2017-03-09,12:00,ZUSF00061,no growth,,,,,,,,,
,,,Emma,2017-03-09,12:00,ZUSF00062,no growth,,,,,,,,,
,,,Emma,2017-03-09,12:00,ZUSF00063,no growth,,,,,,,,,
,,,Emma,2017-03-09,12:00,ZUSF00064,no growth,,,,,,,,,
,,,Emma,2017-03-09,12:00,ZUSF00065,no growth,,,,,,,,,
,,,Emma,2017-03-09,12:00,ZUSF00066,no growth,,,,,,,,,
,,,Emma,2017-03-09,12:00,ZUSF00067,no growth,,,,,,,,,
,,,Emma,2017-03-09,12:00,ZUSF00068,no growth,,,,,,,,,
,,,Emma,2017-03-09,12:00,ZUSF00069,bacterial,,,,,,,,,
,,,Emma,2017-03-09,12:00,ZUSF00070,no growth,,,,,,,,,
,,,Emma,2017-03-09,12:00,ZUSF00071,no growth,,,,,,,,,
,,,Emma,2017-03-09,12:00,ZUSF00072,no growth,,,,,,,,,
,,,Emma,2017-03-09,12:00,ZUSF00073,ok,,,,,,,,,
,,,Emma,2017-03-09,12:00,ZUSF00074,no growth,,,,,,,,,
,,,Emma,2017-03-09,12:00,ZUSF00075,no growth,,,,,,,,,
,,,Emma,2017-03-09,12:00,ZUSF00076,no growth,,,,,,,,,
,,,Emma,2017-03-09,12:00,ZUSF00077,no growth,,,,,,,,,
,,,Emma,2017-03-09,12:00,ZUSF00078,no growth,,,,,,,,,
,,,Emma,2017-03-09,12:00,ZUSF00079,no growth,,,,,,,,,
,,,Emma,2017-03-09,12:00,ZUSF00080,no growth,,,,,,,,,
,,,Emma,2017-03-09,12:05,ZUSF00081,no growth,,,,,,,,,
,,,Emma,2017-03-09,12:05,ZUSF00082,no growth,,,,,,,,,
,,,Emma,2017-03-09,12:05,ZUSF00083,no growth,,,,,,,,,
,,,Emma,2017-03-09,12:05,ZUSF00084,no growth,,,,,,,,,
,,,Emma,2017-03-09,12:05,ZUSF00085,no growth,,,,,,,,,
,,,Emma,2017-03-09,12:05,ZUSF00086,bacterial,,,,,,,,,
,,,Emma,2017-03-09,12:05,ZUSF00087,bacterial,,,,,,,,,
,,,Emma,2017-03-09,12:05,ZUSF00088,no growth,,,,,,,,,
,,,Emma,2017-03-09,12:05,ZUSF00089,bacterial ?,,,,,,,,,
,,,Emma,2017-03-09,12:05,ZUSF00090,bacterial,,,,,,,,,
,,,Emma,2017-03-09,12:10,ZUSF00091,no growth,,,,,,,,,
,,,Emma,2017-03-09,12:10,ZUSF00092,no growth,,,,,,,,,
,,,Emma,2017-03-09,12:10,ZUSF00093,no growth,,,,,,,,,
,,,Emma,2017-03-09,12:10,ZUSF00094,no growth,,,,,,,,,
,,,Emma,2017-03-09,12:10,ZUSF00095,no growth,,,,,,,,,
,,,Emma,2017-03-09,12:20,ZUSF00096,no growth,,,,,,,,,
,,,Emma,2017-03-09,12:20,ZUSF00097,no growth,,,,,,,,,
,,,Emma,2017-03-09,12:20,ZUSF00098,no growth,,,,,,,,,
,,,Emma,2017-03-09,12:20,ZUSF00099,no growth,,,,,,,,,
,,,Emma,2017-03-09,12:10,ZUSF00100,no growth,,,,,,,,,
,,,Emma,2017-03-09,12:10,ZUSF00101,bacterial ?,,,,,very minimal growth,,,,
,,,Emma,2017-03-09,12:10,ZUSF00102,no growth,,,,,,,,,
,,,Emma,2017-03-09,12:10,ZUSF00103,no growth,,,,,,,,,
,,,Emma,2017-03-09,12:10,ZUSF00104,no growth,,,,,,,,,
,,,Emma,2017-03-09,12:10,ZUSF00105,no growth,,,,,,,,,
,,,Emma,2017-03-09,12:10,ZUSF00106,no growth,,,,,,,,,
,,,Emma,2017-03-09,12:10,ZUSF00107,no growth,,,,,,,,,
,,,Emma,2017-03-09,12:10,ZUSF00108,no growth,,,,,,,,,
,,,Emma,2017-03-09,12:10,ZUSF00109,no growth,,,,,,,,,
,,,Emma,2017-03-09,12:10,ZUSF00110,no growth,,,,,,,,,
,,,Emma,2017-03-09,12:10,ZUSF00111,no growth,,,,,,,,,
,,,Emma,2017-03-09,12:10,ZUSF00112,no growth,,,,,,,,,
,,,Emma,2017-03-09,12:10,ZUSF00113,no growth,,,,,,,,,
,,,Emma,2017-03-09,12:10,ZUSF00114,no growth,,,,,,,,,
,,,Emma,2017-03-09,12:10,ZUSF00115,no growth,,,,,,,,,
,,,Emma,2017-03-09,12:10,ZUSF00116,no growth,,,,,,,,,
,,,Emma,2017-03-09,12:10,ZUSF00117,bacterial,,,,,,,,,
,,,Emma,2017-03-09,12:10,ZUSF00118,bacterial,,,,,,,,,
,,,Emma,2017-03-09,12:10,ZUSF00119,no growth,,,,,,,,,
,,,Emma,2017-03-09,12:10,ZUSF00120,no growth,,,,,,,,,
,,,Emma,2017-03-09,12:20,ZUSF00121,no growth,,,,,,,,,
,,,Emma,2017-03-09,12:20,ZUSF00122,no growth,,,,,,,,,
,,,Emma,2017-03-09,12:20,ZUSF00123,no growth,,,,,,,,,
,,,Emma,2017-03-09,12:20,ZUSF00124,no growth,,,,,,,,,
,,,Emma,2017-03-09,12:20,ZUSF00125,no growth,,,,,,,,,
,,,Emma,2017-03-09,12:20,ZUSF00126,no growth,,,,,,,,,
,,,Emma,2017-03-09,12:20,ZUSF00127,no growth,,,,,,,,,
,,,Emma,2017-03-31,12:09,ZUSF00001,bacterial,,,,,,,,,
,,,Emma,2017-03-31,12:09,ZUSF00002,no growth,,,,,,,,,
,,,Emma,2017-03-31,12:09,ZUSF00003,bacterial,,,,,,,,,
,,,Emma,2017-03-31,12:09,ZUSF00004,no growth,,,,,,,,,
,,,Emma,2017-03-31,12:09,ZUSF00005,no growth,,,,,,,,,
,,,Emma,2017-03-31,12:09,ZUSF00006,ok,,,,,,,,,
,,,Emma,2017-03-31,12:09,ZUSF00007,no growth,,,,,,,,,
,,,Emma,2017-03-31,12:09,ZUSF00008,no growth,,,,,,,,,
,,,Emma,2017-03-31,12:09,ZUSF00009,no growth,,,,,,,,,
,,,Emma,2017-03-31,12:09,ZUSF00010,no growth,,,,,,,,,
,,,Emma,2017-03-31,12:09,ZUSF00011,no growth,,,,,,,,,
,,,Emma,2017-03-31,12:09,ZUSF00012,no growth,,,,,,,,,
,,,Emma,2017-03-31,12:09,ZUSF00013,no growth,,,,,,,,,
,,,Emma,2017-03-31,12:09,ZUSF00014,no growth ?,,,,,"completely covered in parafilm, hard to see",,,,
,,,Emma,2017-03-31,12:09,ZUSF00015,no growth,,,,,stuck to top,,,,
,,,Emma,2017-03-31,12:09,ZUSF00016,no growth,,,,,stuck to top,,,,
,,,Emma,2017-03-31,12:09,ZUSF00017,no growth,,,,,stuck to top,,,,
,,,Emma,2017-03-31,12:09,ZUSF00018,no growth,,,,,,,,,
,,,Emma,2017-03-31,12:09,ZUSF00019,contaminated ?,,,,,stuck to top,,,,
,,,Emma,2017-03-31,12:09,ZUSF00020,no growth,,,,,,,,,
,,,Emma,2017-03-31,12:09,ZUSF00021,no growth,,,,,stuck to top,,,,
,,,Emma,2017-03-31,12:09,ZUSF00022,no growth,,,,,,,,,
,,,Emma,2017-03-31,12:09,ZUSF00023,no growth,,,,,,,,,
,,,Emma,2017-03-31,12:09,ZUSF00024,no growth,,,,,,,,,
,,,Emma,2017-03-31,12:09,ZUSF00025,bacterial,,,,,,,,,
,,,Emma,2017-03-31,12:09,ZUSF00026,bacterial,,,,,,,,,
,,,Emma,2017-03-31,12:09,ZUSF00027,no growth,,,,,,,,,
,,,Emma,2017-03-31,12:09,ZUSF00028,no growth,,,,,,,,,
,,,Emma,2017-03-31,12:09,ZUSF00029,ok,,,,,,,,,
,,,Emma,2017-03-31,12:09,ZUSF00030,no growth,,,,,,,,,
,,,Emma,2017-03-31,12:15,ZUSF00031,ok ,,,,,,,,,
,,,Emma,2017-03-31,12:15,ZUSF00032,no growth,,,,,,,,,
,,,Emma,2017-03-31,12:15,ZUSF00033,no growth,,,,,,,,,
,,,Emma,2017-03-31,12:15,ZUSF00034,no growth,,,,,,,,,
,,,Emma,2017-03-31,12:15,ZUSF00035,no growth,,,,,,,,,
,,,Emma,2017-03-31,12:15,ZUSF00036,no growth,,,,,,,,,
,,,Emma,2017-03-31,12:15,ZUSF00037,no growth,,,,,,,,,
,,,Emma,2017-03-31,12:15,ZUSF00038,no growth,,,,,,,,,
,,,Emma,2017-03-31,12:15,ZUSF00039,no growth,,,,,,,,,
,,,Emma,2017-03-31,12:15,ZUSF00040,no growth,,,,,,,,,
,,,Emma,2017-03-31,12:15,ZUSF00041,no growth,,,,,,,,,
,,,Emma,2017-03-31,12:15,ZUSF00042,no growth,,,,,,,,,
,,,Emma,2017-03-31,12:15,ZUSF00043,no growth,,,,,,,,,
,,,Emma,2017-03-31,12:15,ZUSF00044,no growth,,,,,,,,,
,,,Emma,2017-03-31,12:15,ZUSF00045,no growth,,,,,,,,,
,,,Emma,2017-03-31,12:15,ZUSF00046,no growth,,,,,,,,,
,,,Emma,2017-03-31,12:15,ZUSF00047,no growth,,,,,,,,,
,,,Emma,2017-03-31,12:15,ZUSF00048,no growth,,,,,,,,,
,,,Emma,2017-03-31,12:15,ZUSF00049,no growth,,,,,,,,,
,,,Emma,2017-03-31,12:15,ZUSF00050,no growth,,,,,,,,,
,,,Emma,2017-03-31,12:15,ZUSF00051,ok,,,,,,,,,
,,,Emma,2017-03-31,12:15,ZUSF00052,no growth,,,,,,,,,
,,,Emma,2017-03-31,12:15,ZUSF00053,no growth,,,,,,,,,
,,,Emma,2017-03-31,12:15,ZUSF00054,no growth,,,,,,,,,
,,,Emma,2017-03-31,12:15,ZUSF00055,no growth,,,,,,,,,
,,,Emma,2017-03-31,12:15,ZUSF00056,no growth,,,,,,,,,
,,,Emma,2017-03-31,12:15,ZUSF00057,no growth,,,,,,,,,
,,,Emma,2017-03-31,12:15,ZUSF00058,no growth,,,,,,,,,
,,,Emma,2017-03-31,12:15,ZUSF00059,no growth,,,,,,,,,
,,,Emma,2017-03-31,12:15,ZUSF00060,no growth,,,,,,,,,
,,,Emma,2017-03-31,12:15,ZUSF00061,no growth,,,,,,,,,
,,,Emma,2017-03-31,12:15,ZUSF00062,no growth,,,,,,,,,
,,,Emma,2017-03-31,12:15,ZUSF00063,no growth,,,,,,,,,
,,,Emma,2017-03-31,12:15,ZUSF00064,no growth,,,,,,,,,
,,,Emma,2017-03-31,12:15,ZUSF00065,no growth,,,,,,,,,
,,,Emma,2017-03-31,12:15,ZUSF00066,no growth,,,,,,,,,
,,,Emma,2017-03-31,12:15,ZUSF00067,no growth,,,,,,,,,
,,,Emma,2017-03-31,12:15,ZUSF00068,no growth,,,,,,,,,
,,,Emma,2017-03-31,12:15,ZUSF00069,bacterial,,,,,,,,,
,,,Emma,2017-03-31,12:15,ZUSF00070,no growth,,,,,,,,,
,,,Emma,2017-03-31,12:15,ZUSF00071,no growth,,,,,,,,,
,,,Emma,2017-03-31,12:15,ZUSF00072,no growth,,,,,,,,,
,,,Emma,2017-03-31,12:15,ZUSF00073,ok,,,,,,,,,
,,,Emma,2017-03-31,12:15,ZUSF00074,no growth,,,,,,,,,
,,,Emma,2017-03-31,12:15,ZUSF00075,no growth,,,,,,,,,
,,,Emma,2017-03-31,12:15,ZUSF00076,no growth,,,,,,,,,
,,,Emma,2017-03-31,12:15,ZUSF00077,no growth,,,,,,,,,
,,,Emma,2017-03-31,12:15,ZUSF00078,no growth,,,,,,,,,
,,,Emma,2017-03-31,12:15,ZUSF00079,no growth,,,,,,,,,
,,,Emma,2017-03-31,12:15,ZUSF00080,no growth,,,,,,,,,
,,,Emma,2017-03-31,12:15,ZUSF00081,no growth,,,,,,,,,
,,,Emma,2017-03-31,12:15,ZUSF00082,no growth,,,,,,,,,
,,,Emma,2017-03-31,12:15,ZUSF00083,no growth,,,,,,,,,
,,,Emma,2017-03-31,12:15,ZUSF00084,no growth,,,,,,,,,
,,,Emma,2017-03-31,12:15,ZUSF00085,no growth,,,,,,,,,
,,,Emma,2017-03-31,12:15,ZUSF00086,bacterial,,,,,,,,,
,,,Emma,2017-03-31,12:15,ZUSF00087,bacterial,,,,,,,,,
,,,Emma,2017-03-31,12:15,ZUSF00088,no growth,,,,,,,,,
,,,Emma,2017-03-31,12:15,ZUSF00089,bacterial ?,,,,,,,,,
,,,Emma,2017-03-31,12:15,ZUSF00090,bacterial,,,,,,,,,
,,,Emma,2017-03-31,12:20,ZUSF00091,no growth,,,,,,,,,
,,,Emma,2017-03-31,12:20,ZUSF00092,no growth,,,,,,,,,
,,,Emma,2017-03-31,12:20,ZUSF00093,no growth,,,,,,,,,
,,,Emma,2017-03-31,12:20,ZUSF00094,no growth,,,,,,,,,
,,,Emma,2017-03-31,12:20,ZUSF00095,no growth,,,,,,,,,
,,,Emma,2017-03-31,12:20,ZUSF00096,no growth,,,,,,,,,
,,,Emma,2017-03-31,12:20,ZUSF00097,no growth,,,,,,,,,
,,,Emma,2017-03-31,12:20,ZUSF00098,no growth,,,,,,,,,
,,,Emma,2017-03-31,12:20,ZUSF00099,no growth,,,,,,,,,
,,,Emma,2017-03-31,12:20,ZUSF00100,no growth,,,,,,,,,
,,,Emma,2017-03-31,12:20,ZUSF00101,bacterial ?,,,,,,,,,
,,,Emma,2017-03-31,12:20,ZUSF00102,no growth,,,,,,,,,
,,,Emma,2017-03-31,12:20,ZUSF00103,no growth,,,,,,,,,
,,,Emma,2017-03-31,12:20,ZUSF00104,no growth,,,,,,,,,
,,,Emma,2017-03-31,12:20,ZUSF00105,no growth,,,,,,,,,
,,,Emma,2017-03-31,12:20,ZUSF00106,no growth,,,,,,,,,
,,,Emma,2017-03-31,12:20,ZUSF00107,no growth,,,,,,,,,
,,,Emma,2017-03-31,12:20,ZUSF00108,no growth,,,,,,,,,
,,,Emma,2017-03-31,12:20,ZUSF00109,no growth,,,,,,,,,
,,,Emma,2017-03-31,12:20,ZUSF00110,no growth,,,,,,,,,
,,,Emma,2017-03-31,12:20,ZUSF00111,no growth,,,,,,,,,
,,,Emma,2017-03-31,12:20,ZUSF00112,no growth,,,,,,,,,
,,,Emma,2017-03-31,12:20,ZUSF00113,no growth,,,,,,,,,
,,,Emma,2017-03-31,12:20,ZUSF00114,no growth,,,,,,,,,
,,,Emma,2017-03-31,12:20,ZUSF00115,no growth,,,,,,,,,
,,,Emma,2017-03-31,12:20,ZUSF00116,no growth,,,,,,,,,
,,,Emma,2017-03-31,12:20,ZUSF00117,bacterial,,,,,,,,,
,,,Emma,2017-03-31,12:20,ZUSF00118,bacterial,,,,,,,,,
,,,Emma,2017-03-31,12:20,ZUSF00119,no growth,,,,,,,,,
,,,Emma,2017-03-31,12:20,ZUSF00120,no growth,,,,,,,,,
,,,Emma,2017-03-31,12:20,ZUSF00121,no growth,,,,,,,,,
,,,Emma,2017-03-31,12:20,ZUSF00122,no growth,,,,,,,,,
,,,Emma,2017-03-31,12:20,ZUSF00123,no growth,,,,,,,,,
,,,Emma,2017-03-31,12:20,ZUSF00124,no growth,,,,,,,,,
,,,Emma,2017-03-31,12:20,ZUSF00125,no growth,,,,,,,,,
,,,Emma,2017-03-31,12:20,ZUSF00126,no growth,,,,,,,,,
,,,Emma,2017-03-31,12:20,ZUSF00127,no growth,,,,,,,,,
,,,Emma,2017-03-31,12:20,ZUSF00128,no growth,,,,,,,,,
,,,Emma,2017-03-31,12:20,ZUSF00129,no growth,,,,,,,,,
,,,Emma,2017-03-31,12:20,ZUSF00130,no growth,,,,,,,,,
,,,Emma,2017-03-31,12:27,ZUSF00131,no growh,,,,,,,,,
,,,Emma,2017-03-31,12:27,ZUSF00132,mixed,,,,,,,,,
,,,Emma,2017-03-31,12:27,ZUSF00133,no growth,,,,,,,,,
,,,Emma,2017-03-31,12:27,ZUSF00134,no growth,,,,,,,,,
,,,Emma,2017-03-31,12:27,ZUSF00135,no growth,,,,,,,,,
,,,Emma,2017-03-31,12:27,ZUSF00136,bacterial,,,,,,,,,
,,,Emma,2017-03-31,12:27,ZUSF00137,bacterial,,,,,,,,,
,,,Emma,2017-03-31,12:27,ZUSF00138,no growth,,,,,,,,,
,,,Emma,2017-03-31,12:27,ZUSF00139,no growth,,,,,,,,,
,,,Emma,2017-03-31,12:27,ZUSF00140,no growth,,,,,,,,,
,,,Emma,2017-03-31,12:27,ZUSF00141,no growth,,,,,,,,,
,,,Emma,2017-03-31,12:27,ZUSF00142,no growth,,,,,,,,,
,,,Emma,2017-03-31,12:27,ZUSF00143,no growth,,,,,,,,,
,,,Emma,2017-03-31,12:27,ZUSF00144,no growth,,,,,,,,,
,,,Emma,2017-03-31,12:27,ZUSF00145,bacterial ?,,,,,,,,,
,,,Emma,2017-03-31,12:27,ZUSF00146,bacterial,,,,,,,,,
,,,Emma,2017-03-31,12:27,ZUSF00147,no growth,,,,,,,,,
,,,Emma,2017-03-31,12:27,ZUSF00148,no growth,,,,,,,,,
,,,Emma,2017-03-31,12:27,ZUSF00149,no growth,,,,,,,,,
,,,Emma,2017-03-31,12:27,ZUSF00150,no growth,,,,,,,,,
,,,Emma,2017-03-31,12:27,ZUSF00151,no growth,,,,,,,,,
,,,Emma,2017-03-31,12:27,ZUSF00152,no growth,,,,,,,,,
,,,Emma,2017-03-31,12:27,ZUSF00153,no growth,,,,,,,,,
,,,Emma,2017-03-31,12:27,ZUSF00154,no growth,,,,,,,,,
,,,Emma,2017-03-31,12:27,ZUSF00155,no growth,,,,,,,,,
,,,Emma,2017-03-31,12:27,ZUSF00156,no growth,,,,,,,,,
,,,Emma,2017-03-31,12:27,ZUSF00157,no growth,,,,,,,,,
,,,Emma,2017-06-06,12:00,ZUSF00158,ok,,,,,,,,,
,,,Emma,2017-06-06,12:00,ZUSF00159,ok,,,,,,,,,
,,,Emma,2017-06-06,12:00,ZUSF00160,ok,,,,,,,,,
,,,Emma,2017-06-06,12:00,ZUSF00161,ok,,,,,,,,,
,,,Emma,2017-06-06,12:00,ZUSF00162,ok,,,,,,,,,
,,,Emma,2017-06-06,12:00,ZUSF00163,ok,,,,,,,,,
,,,Emma,2017-06-06,12:00,ZUSF00164,ok,,,,,,,,,
,,,Emma,2017-06-06,12:00,ZUSF00165,ok,,,,,,,,,
,,,Emma,2017-06-06,12:00,ZUSF00166,ok,,,,,,,,,
,,,Emma,2017-06-06,12:00,ZUSF00167,ok,,,,,,,,,
,,,Emma,2017-06-06,12:00,ZUSF00168,ok,,,,,,,,,
,,,Emma,2017-06-06,12:00,ZUSF00169,ok,,,,,,,,,
,,,Emma,2017-06-06,12:00,ZUSF00170,ok,,,,,,,,,
,,,Emma,2017-06-06,12:00,ZUSF00171,ok,,,,,,,,,
,,,Emma,2017-06-06,12:00,ZUSF00172,ok,,,,,,,,,
,,,Emma,2017-06-06,12:00,ZUSF00173,ok,,,,,,,,,
,,,Emma,2017-06-06,12:00,ZUSF00174,ok,,,,,,,,,
,,,Emma,2017-06-06,12:00,ZUSF00175,mixed,,,,,,,,,
,,,Emma,2017-06-06,12:00,ZUSF00176,ok,,,,,,,,,
,,,Emma,2017-06-06,12:00,ZUSF00177,ok,,,,,,,,,
,,,Emma,2017-06-06,12:00,ZUSF00178,ok,,,,,,,,,
,,,Emma,2017-06-06,12:00,ZUSF00179,ok,,,,,,,,,
,,,Emma,2017-06-06,12:00,ZUSF00180,ok,,,,,,,,,
,,,Emma,2017-06-06,12:00,ZUSF00181,ok,,,,,,,,,
,,,Emma,2017-06-06,12:00,ZUSF00182,ok,,,,,,,,,
,,,Emma,2017-06-06,12:00,ZUSF00183,ok,,,,,,,,,
,,,Emma,2017-06-06,12:00,ZUSF00184,ok,,,,,,,,,
,,,Emma,2017-06-06,12:00,ZUSF00185,ok,,,,,,,,,
,,,Emma,2017-06-06,12:00,ZUSF00186,ok,,,,,,,,,
,,,Emma,2017-06-06,12:00,ZUSF00187,ok,,,,,,,,,
,,,Emma,2017-06-06,12:00,ZUSF00188,ok,,,,,,,,,
,,,Emma,2017-06-06,12:00,ZUSF00189,ok,,,,,,,,,
,,,Emma,2017-06-06,12:00,ZUSF00190,ok,,,,,,,,,
,,,Emma,2017-06-06,12:00,ZUSF00191,ok,,,,,,,,,
,,,Emma,2017-06-06,12:00,ZUSF00192,ok,,,,,,,,,
,,,Emma,2017-06-06,12:00,ZUSF00193,ok,,,,,,,,,
,,,Emma,2017-06-06,12:00,ZUSF00194,ok,,,,,,,,,
,,,Emma,2017-06-06,12:00,ZUSF00195,ok,,,,,,,,,
,,,Emma,2017-06-06,12:00,ZUSF00196,ok,,,,,,,,,
,,,Emma,2017-06-06,12:00,ZUSF00197,ok,,,,,,,,,
,,,Emma,2017-06-06,12:00,ZUSF00198,ok,,,,,,,,,
,,,Emma,2017-06-06,12:00,ZUSF00199,ok,,,,,,,,,
,,,Emma,2017-06-06,12:00,ZUSF00200,ok,,,,,,,,,
,,,Emma,2017-06-06,12:00,ZUSF00201,ok,,,,,,,,,
,,,Emma,2017-06-06,12:00,ZUSF00202,ok,,,,,,,,,
,,,Emma,2017-06-06,12:00,ZUSF00203,ok,,,,,,,,,
,,,Emma,2017-06-06,12:00,ZUSF00204,ok,,,,,,,,,
,,,Emma,2017-06-06,12:00,ZUSF00205,ok,,,,,,,,,
,,,Emma,2017-06-06,12:00,ZUSF00206,ok,,,,,,,,,
,,,Emma,2017-06-06,12:00,ZUSF00207,ok,,,,,,,,,
,,,Emma,2017-06-06,12:00,ZUSF00208,ok,,,,,,,,,
,,,Emma,2017-06-06,12:00,ZUSF00209,ok,,,,,,,,,
,,,Emma,2017-06-06,12:00,ZUSF00210,ok,,,,,,,,,
,,,Emma,2017-06-06,12:00,ZUSF00211,ok,,,,,,,,,
,,,Emma,2017-06-06,12:00,ZUSF00212,ok,,,,,,,,,
,,,Emma,2017-06-06,12:00,ZUSF00213,ok,,,,,,,,,
,,,Emma,2017-06-06,12:00,ZUSF00214,ok,,,,,,,,,
,,,Emma,2017-06-06,12:00,ZUSF00215,ok,,,,,,,,,
,,,Emma,2017-06-06,12:00,ZUSF00216,ok,,,,,,,,,
,,,Emma,2017-06-06,12:00,ZUSF00217,ok,,,,,,,,,
,,,Emma,2017-06-06,12:00,ZUSF00218,ok,,,,,,,,,
,,,Emma,2017-06-06,12:00,ZUSF00219,ok,,,,,,,,,
,,,Emma,2017-06-06,12:00,ZUSF00220,ok,,,,,,,,,
,,,Emma,2017-06-06,12:00,ZUSF00221,ok,,,,,,,,,
,,,Emma,2017-06-06,12:00,ZUSF00222,ok,,,,,,,,,
,,,Emma,2017-06-06,12:00,ZUSF00223,ok,,,,,,,,,
,,,Emma,2017-06-06,12:00,ZUSF00224,ok,,,,,,,,,
,,,Emma,2017-06-06,12:00,ZUSF00225,ok,,,,,,,,,
,,,Emma,2017-06-06,12:00,ZUSF00226,ok,,,,,,,,,
,,,Emma,2017-06-06,12:00,ZUSF00227,ok,,,,,,,,,
,,,Emma,2017-06-06,12:00,ZUSF00228,ok,,,,,,,,,
,,,Emma,2017-06-06,12:00,ZUSF00229,ok,,,,,,,,,
,,,Emma,2017-06-06,12:00,ZUSF00230,ok,,,,,,,,,
,,,Emma,2017-06-06,12:00,ZUSF00231,ok,,,,,,,,,
,,,Emma,2017-06-06,12:00,ZUSF00232,ok,,,,,,,,,
,,,Emma,2017-06-06,12:00,ZUSF00233,ok,,,,,,,,,
,,,Emma,2017-06-06,12:00,ZUSF00234,ok,,,,,,,,,
,,,Emma,2017-06-06,12:00,ZUSF00235,ok,,,,,,,,,
,,,Emma,2017-06-06,12:00,ZUSF00236,ok,,,,,,,,,
,,,Emma,2017-06-06,12:00,ZUSF00237,ok,,,,,,,,,
,,,Emma,2017-06-06,12:00,ZUSF00238,ok,,,,,,,,,
,,,Emma,2017-06-06,12:00,ZUSF00239,ok,,,,,,,,,
,,,Emma,2017-06-06,12:00,ZUSF00240,ok,,,,,,,,,
,,,Emma,2017-06-06,12:00,ZUSF00241,ok,,,,,,,,,
,,,Emma,2017-06-06,12:00,ZUSF00242,mixed,,,,,,,,,
,,,Emma,2017-06-06,12:00,ZUSF00243,ok,,,,,,,,,
,,,Emma,2017-06-06,12:00,ZUSF00244,ok,,,,,,,,,
,,,Emma,2017-06-06,12:00,ZUSF00245,ok,,,,,,,,,
,,,Emma,2017-06-06,12:00,ZUSF00246,ok,,,,,,,,,
,,,Emma,2017-06-06,12:00,ZUSF00247,ok,,,,,,,,,
,,,Emma,2017-06-06,12:00,ZUSF00248,ok,,,,,,,,,
,,,Emma,2017-06-06,12:00,ZUSF00249,ok,,,,,,,,,
,,,Emma,2017-06-06,12:00,ZUSF00250,ok,,,,,,,,,
,,,Emma,2017-06-06,12:00,ZUSF00251,ok,,,,,,,,,
,,,Emma,2017-06-06,12:00,ZUSF00252,ok,,,,,,,,,
,,,Emma,2017-06-06,12:00,ZUSF00253,ok,,,,,,,,,
,,,Emma,2017-06-06,12:00,ZUSF00254,ok,,,,,,,,,
,,,Emma,2017-06-06,12:00,ZUSF00255,ok,,,,,,,,,
,,,Emma,2017-06-06,12:00,ZUSF00256,ok,,,,,,,,,
,,,Emma,2017-06-06,12:00,ZUSF00257,ok,,,,,,,,,
,,,Emma,2017-06-06,12:00,ZUSF00258,ok,,,,,,,,,
,,,Emma,2017-06-06,12:00,ZUSF00259,ok,,,,,,,,,
,,,Emma,2017-06-06,12:00,ZUSF00260,ok,,,,,,,,,
,,,Emma,2017-06-06,12:00,ZUSF00261,ok,,,,,,,,,
,,,Emma,2017-06-06,13:38,ZUSF00262,mixed,,,,,,,,,
,,,Emma,2017-06-06,13:38,ZUSF00263,ok,,,,,,,,,
,,,Emma,2017-06-06,13:38,ZUSF00264,ok,,,,,,,,,
,,,Emma,2017-06-06,13:38,ZUSF00265,ok,,,,,,,,,
,,,Emma,2017-06-06,13:38,ZUSF00266,ok,,,,,,,,,
,,,Emma,2017-06-06,13:38,ZUSF00267,ok,,,,,,,,,
,,,Emma,2017-06-06,13:38,ZUSF00268,ok,,,,,,,,,
,,,Emma,2017-06-06,13:38,ZUSF00269,ok,,,,,,,,,
,,,Emma,2017-06-06,13:38,ZUSF00270,ok,,,,,,,,,
,,,Emma,2017-06-06,13:38,ZUSF00271,ok,,,,,,,,,
,,,Emma,2017-06-06,13:38,ZUSF00272,ok,,,,,,,,,
,,,Emma,2017-06-06,13:38,ZUSF00273,ok,,,,,,,,,
,,,Emma,2017-06-06,13:38,ZUSF00274,ok,,,,,,,,,
,,,Emma,2017-06-06,13:38,ZUSF00275,ok,,,,,,,,,
,,,Emma,2017-06-06,13:40,ZUSF00276,mixed,,,,,,,,,
,,,Emma,2017-06-06,13:40,ZUSF00277,ok,,,,,,,,,
,,,Emma,2017-06-06,13:40,ZUSF00278,ok,,,,,,,,,
,,,Emma,2017-06-06,13:40,ZUSF00279,ok,,,,,,,,,
,,,Emma,2017-06-06,13:40,ZUSF00280,ok,,,,,,,,,
,,,Emma,2017-06-06,13:40,ZUSF00281,ok,,,,,,,,,
,,,Emma,2017-06-06,13:40,ZUSF00282,ok,,,,,,,,,
,,,Emma,2017-06-06,12:00,ZUSF00283,mixed,,,,,,,,,
,,,Emma,2017-06-06,12:00,ZUSF00284,ok,,,,,,,,,
,,,Emma,2017-06-06,12:00,ZUSF00285,ok,,,,,,,,,
,,,Emma,2017-06-06,12:00,ZUSF00286,ok,,,,,,,,,
,,,Emma,2017-06-06,12:00,ZUSF00287,ok,,,,,,,,,
,,,Emma,2017-06-06,12:00,ZUSF00288,ok,,,,,,,,,
,,,Emma,2017-06-06,12:00,ZUSF00289,ok,,,,,,,,,
,,,Emma,2017-06-06,13:30,ZUSF00290,ok,,,,,,,,,
,,,Emma,2017-06-06,13:30,ZUSF00291,ok,,,,,,,,,
,,,Emma,2017-06-06,13:30,ZUSF00292,ok,,,,,,,,,
,,,Emma,2017-06-06,13:30,ZUSF00293,ok,,,,,,,,,
,,,Emma,2017-06-06,13:30,ZUSF00294,ok,,,,,,,,,
,,,Emma,2017-06-06,13:30,ZUSF00295,ok,,,,,,,,,
,,,Emma,2017-06-06,13:30,ZUSF00296,ok,,,,,,,,,
,,,Emma,2017-06-06,13:36,ZUSF00297,ok,,,,,,,,,
,,,Emma,2017-06-06,13:36,ZUSF00298,ok,,,,,,,,,
,,,Emma,2017-06-06,13:36,ZUSF00299,ok,,,,,,,,,
,,,Emma,2017-06-06,13:36,ZUSF00300,ok,,,,,,,,,
,,,Emma,2017-06-06,13:36,ZUSF00301,ok ?,,,,,mixed?,,,,
,,,Emma,2017-06-06,13:36,ZUSF00302,ok,,,,,,,,,
,,,Emma,2017-06-06,13:36,ZUSF00303,ok,,,,,,,,,
,,,Emma,2017-06-06,13:11,ZUSF00304,ok,,,,,,,,,
,,,Emma,2017-06-06,13:11,ZUSF00305,ok,,,,,,,,,
,,,Emma,2017-06-06,13:11,ZUSF00306,ok,,,,,,,,,
,,,Emma,2017-06-06,13:11,ZUSF00307,ok,,,,,,,,,
,,,Emma,2017-06-06,13:11,ZUSF00308,ok,,,,,,,,,
,,,Emma,2017-06-06,13:11,ZUSF00309,ok,,,,,,,,,
,,,Emma,2017-06-06,13:11,ZUSF00310,ok,,,,,,,,,
,,,Emma,2017-06-06,13:11,ZUSF00311,ok,,,,,,,,,
,,,Emma,2017-06-06,13:17,ZUSF00312,ok,,,,,,,,,
,,,Emma,2017-06-06,13:17,ZUSF00313,ok,,,,,,,,,
,,,Emma,2017-06-06,13:17,ZUSF00314,ok,,,,,,,,,
,,,Emma,2017-06-06,13:17,ZUSF00315,ok,,,,,,,,,
,,,Emma,2017-06-06,13:17,ZUSF00316,ok,,,,,,,,,
,,,Emma,2017-06-06,13:17,ZUSF00317,ok,,,,,,,,,
,,,Emma,2017-06-06,13:17,ZUSF00318,ok,,,,,,,,,
,,,Emma,2017-06-06,13:50,ZUSF00319,ok,,,,,,,,,
,,,Emma,2017-06-06,13:50,ZUSF00320,ok ?,,,,,mixed?,,,,
,,,Emma,2017-06-06,13:50,ZUSF00321,ok,,,,,,,,,
,,,Emma,2017-06-06,13:50,ZUSF00322,ok,,,,,,,,,
,,,Emma,2017-06-06,13:50,ZUSF00323,ok,,,,,,,,,
,,,Emma,2017-06-06,13:50,ZUSF00324,ok,,,,,,,,,
,,,Emma,2017-06-06,13:50,ZUSF00325,no growth,,,,,,,,,
,,,,,,ZUSF00326,,,,,,,,,,
,,,,,,ZUSF00327,,,,,,,,,,
,,,,,,ZUSF00328,,,,,,,,,,
,,,,,,ZUSF00329,,,,,,,,,,
,,,,,,ZUSF00330,,,,,,,,,,
,,,,,,ZUSF00331,,,,,,,,,,
,,,,,,ZUSF00332,,,,,,,,,,
,,,Emma,2017-06-06,13:27,ZUSF00333,ok,,,,,,,,,
,,,Emma,2017-06-06,13:27,ZUSF00334,no growth,,,,,,,,,
,,,Emma,2017-06-06,13:27,ZUSF00335,ok,,,,,,,,,
,,,Emma,2017-06-06,13:27,ZUSF00336,ok,,,,,,,,,
,,,Emma,2017-06-06,13:27,ZUSF00337,ok,,,,,,,,,
,,,Emma,2017-06-06,13:27,ZUSF00338,ok,,,,,,,,,
,,,Emma,2017-06-06,13:27,ZUSF00339,ok,,,,,,,,,
,,,Emma,2017-06-06,13:23,ZUSF00340,ok,,,,,,,,,
,,,Emma,2017-06-06,13:23,ZUSF00341,ok,,,,,,,,,
,,,Emma,2017-06-06,13:23,ZUSF00342,ok,,,,,,,,,
,,,Emma,2017-06-06,13:23,ZUSF00343,ok,,,,,,,,,
,,,Emma,2017-06-06,13:23,ZUSF00344,ok,,,,,,,,,
,,,Emma,2017-06-06,13:23,ZUSF00345,ok,,,,,,,,,
,,,Emma,2017-06-06,13:23,ZUSF00346,ok,,,,,,,,,
,,,Emma,2017-06-06,13:23,ZUSF00347,ok,,,,,,,,,
,,,Emma,2017-06-06,13:20,ZUSF00348,ok,,,,,,,,,
,,,Emma,2017-06-06,13:20,ZUSF00349,ok,,,,,,,,,
,,,Emma,2017-06-06,13:20,ZUSF00350,ok,,,,,,,,,
,,,Emma,2017-06-06,13:20,ZUSF00351,ok,,,,,,,,,
,,,Emma,2017-06-06,13:20,ZUSF00352,ok,,,,,,,,,
,,,Emma,2017-06-06,13:20,ZUSF00353,ok ?,,,,,mixed?,,,,
,,,Emma,2017-06-06,13:20,ZUSF00354,ok,,,,,,,,,
,,,Emma,2017-06-06,13:03,ZUSF00355,ok,,,,,,,,,
,,,Emma,2017-06-06,13:03,ZUSF00356,ok,,,,,,,,,
,,,Emma,2017-06-06,13:03,ZUSF00357,mixed,,,,,,,,,
,,,Emma,2017-06-06,13:03,ZUSF00358,ok,,,,,,,,,
,,,Emma,2017-06-06,13:03,ZUSF00359,ok,,,,,,,,,
,,,Emma,2017-06-06,13:03,ZUSF00360,ok,,,,,,,,,
,,,Emma,2017-06-06,13:03,ZUSF00361,ok,,,,,,,,,
,,,Emma,2017-06-06,12:55,ZUSF00362,ok,,,,,,,,,
,,,Emma,2017-06-06,12:55,ZUSF00363,ok,,,,,,,,,
,,,Emma,2017-06-06,12:55,ZUSF00364,ok,,,,,,,,,
,,,Emma,2017-06-06,12:55,ZUSF00365,ok,,,,,,,,,
,,,Emma,2017-06-06,12:55,ZUSF00366,ok,,,,,,,,,
,,,Emma,2017-06-06,12:55,ZUSF00367,ok,,,,,,,,,
,,,Emma,2017-06-06,12:10,ZUSF00368,ok,,,,,,,,,
,,,Emma,2017-06-06,12:10,ZUSF00369,ok,,,,,,,,,
,,,Emma,2017-06-06,12:10,ZUSF00370,ok,,,,,,,,,
,,,Emma,2017-06-06,12:10,ZUSF00371,ok,,,,,,,,,
,,,Emma,2017-06-06,12:10,ZUSF00372,ok,,,,,,,,,
,,,Emma,2017-06-06,12:10,ZUSF00373,ok,,,,,,,,,
,,,Emma,2017-06-06,12:10,ZUSF00374,ok,,,,,,,,,
,,,Emma,2017-06-06,1:06,ZUSF00375,ok,,,,,,,,,
,,,Emma,2017-06-06,1:06,ZUSF00376,ok,,,,,,,,,
,,,Emma,2017-06-06,1:06,ZUSF00377,ok,,,,,,,,,
,,,Emma,2017-06-06,1:06,ZUSF00378,ok,,,,,,,,,
,,,Emma,2017-06-06,1:06,ZUSF00379,ok,,,,,,,,,
,,,Emma,2017-06-06,12:58,ZUSF00380,ok,,,,,,,,,
,,,Emma,2017-06-06,12:58,ZUSF00381,ok,,,,,,,,,
,,,Emma,2017-06-06,12:58,ZUSF00382,ok,,,,,,,,,
,,,Emma,2017-06-06,12:58,ZUSF00383,ok,,,,,,,,,
,,,Emma,2017-06-06,12:58,ZUSF00384,ok,,,,,,,,,
,,,,,,ZUSF00385,,,,,,,,,,
,,,,,,ZUSF00386,,,,,,,,,,
,,,,,,ZUSF00387,,,,,,,,,,
,,,,,,ZUSF00388,,,,,,,,,,
,,,,,,ZUSF00389,,,,,,,,,,
,,,Emma,2017-06-06,12:45,ZUSF00390,ok,,,,,,,,,
,,,Emma,2017-06-06,12:45,ZUSF00391,ok,,,,,,,,,
,,,Emma,2017-06-06,12:45,ZUSF00392,ok,,,,,,,,,
,,,Emma,2017-06-06,12:45,ZUSF00393,ok,,,,,,,,,
,,,Emma,2017-06-06,12:20,ZUSF00394,ok,,,,,,,,,
,,,Emma,2017-06-06,12:20,ZUSF00395,ok,,,,,,,,,
,,,Emma,2017-06-06,12:20,ZUSF00396,ok,,,,,,,,,
,,,Emma,2017-06-06,12:20,ZUSF00397,ok,,,,,,,,,
,,,Emma,2017-06-06,12:20,ZUSF00398,ok,,,,,,,,,
,,,Emma,2017-06-06,12:20,ZUSF00399,ok,,,,,,,,,
,,,Emma,2017-06-06,12:20,ZUSF00400,ok,,,,,,,,,
,,,Emma,2017-06-06,12:31,ZUSF00401,ok,,,,,,,,,
,,,Emma,2017-06-06,12:31,ZUSF00402,ok,,,,,,,,,
,,,Emma,2017-06-06,12:31,ZUSF00403,ok,,,,,,,,,
,,,Emma,2017-06-06,12:31,ZUSF00404,ok,,,,,,,,,
,,,Emma,2017-06-06,12:31,ZUSF00405,ok,,,,,,,,,
,,,Emma,2017-06-06,12:31,ZUSF00406,ok,,,,,,,,,
,,,Emma,2017-06-06,12:31,ZUSF00407,ok,,,,,,,,,
,,,Emma,2017-06-06,12:48,ZUSF00408,ok ?,,,,,bacterial?,,,,
,,,Emma,2017-06-06,12:48,ZUSF00409,ok,,,,,,,,,
,,,Emma,2017-06-06,12:48,ZUSF00410,ok,,,,,,,,,
,,,Emma,2017-06-06,12:48,ZUSF00411,ok,,,,,,,,,
,,,Emma,2017-06-06,12:48,ZUSF00412,ok,,,,,,,,,
,,,Emma,2017-06-06,12:48,ZUSF00413,ok,,,,,,,,,
,,,Emma,2017-06-06,12:48,ZUSF00414,ok,,,,,,,,,
,,,Emma,2017-06-06,12:48,ZUSF00415,ok,,,,,,,,,
,,,Emma,2017-06-06,12:40,ZUSF00416,no growth,,,,,,,,,
,,,Emma,2017-06-06,12:40,ZUSF00417,ok,,,,,,,,,
,,,Emma,2017-06-06,12:40,ZUSF00418,mixed,,,,,,,,,
,,,Emma,2017-06-06,12:40,ZUSF00419,bactertal,,,,,,,,,
,,,Emma,2017-06-06,12:40,ZUSF00420,ok,,,,,,,,,
,,,Emma,2017-06-06,12:40,ZUSF00421,ok,,,,,,,,,
,,,Emma,2017-06-06,12:40,ZUSF00422,ok,,,,,,,,,
,,,Emma,2017-06-06,12:26,ZUSF00423,bacterial,,,,,,,,,
,,,Emma,2017-06-06,12:26,ZUSF00424,ok,,,,,,,,,
,,,Emma,2017-06-06,12:26,ZUSF00425,ok,,,,,,,,,
,,,Emma,2017-06-06,12:26,ZUSF00426,ok,,,,,,,,,
,,,Emma,2017-06-06,12:26,ZUSF00427,ok,,,,,,,,,
,,,Emma,2017-06-06,12:26,ZUSF00428,ok,,,,,,,,,
,,,Emma,2017-06-06,12:26,ZUSF00429,ok,,,,,,,,,
,,,Emma,2017-06-06,12:22,ZUSF00430,ok,,,,,,,,,
,,,Emma,2017-06-06,12:22,ZUSF00431,bacterial,,,,,possibly mixed?,,,,
,,,Emma,2017-06-06,12:22,ZUSF00432,ok,,,,,,,,,
,,,Emma,2017-06-06,12:22,ZUSF00433,ok,,,,,,,,,
,,,Emma,2017-06-06,12:22,ZUSF00434,ok,,,,,,,,,
,,,Emma,2017-06-06,12:22,ZUSF00435,ok,,,,,,,,,
,,,Emma,2017-06-06,13:56,ZUSF00436,ok,,,,,,,,,
,,,Emma,2017-06-06,13:56,ZUSF00437,ok,,,,,,,,,
,,,Emma,2017-06-06,13:56,ZUSF00438,ok,,,,,,,,,
,,,Emma,2017-06-06,13:56,ZUSF00439,ok,,,,,,,,,
,,,Emma,2017-06-06,13:56,ZUSF00440,ok,,,,,,,,,
,,,Emma,2017-06-06,13:56,ZUSF00441,ok,,,,,,,,,
,,,Emma,2017-06-06,13:56,ZUSF00442,ok,,,,,,,,,
,,,Emma,2017-06-06,12:38,ZUSF00443,ok,,,,,,,,,
,,,Emma,2017-06-06,12:38,ZUSF00444,ok,,,,,,,,,
,,,Emma,2017-06-06,12:38,ZUSF00445,ok,,,,,,,,,
,,,Emma,2017-06-06,12:38,ZUSF00446,ok,,,,,,,,,
,,,Emma,2017-06-06,12:38,ZUSF00447,ok,,,,,,,,,
,,,Emma,2017-06-06,12:38,ZUSF00448,ok,,,,,,,,,
,,,Emma,2017-06-06,12:38,ZUSF00449,ok,,,,,,,,,
,,,Emma,2017-06-06,12:38,ZUSF00450,ok,,,,,,,,,
,,,Emma,2017-06-06,12:38,ZUSF00451,mixed ?,,,,,,,,,
,,,Emma,2017-06-06,12:38,ZUSF00452,ok,,,,,,,,,
,,,Emma,2017-06-06,12:38,ZUSF00453,ok,,,,,,,,,
,,,Emma,2017-06-06,12:38,ZUSF00454,ok,,,,,,,,,
,,,Emma,2017-06-06,12:38,ZUSF00455,ok,,,,,,,,,
,,,Emma,2017-06-06,12:38,ZUSF00456,ok,,,,,,,,,
,,,Emma,2017-06-06,12:13,ZUSF00457,ok,,,,,,,,,
,,,Emma,2017-06-06,12:13,ZUSF00458,ok,,,,,,,,,
,,,Emma,2017-06-06,12:13,ZUSF00459,ok,,,,,,,,,
,,,Emma,2017-06-06,12:13,ZUSF00460,ok,,,,,,,,,
,,,Emma,2017-06-06,12:13,ZUSF00461,ok,,,,,,,,,
,,,Emma,2017-06-06,12:13,ZUSF00462,ok,,,,,,,,,
,,,Emma,2017-06-06,12:13,ZUSF00463,ok,,,,,,,,,
,,,Emma,2017-06-06,14:03,ZUSF00464,ok,,,,,,,,,
,,,Emma,2017-06-06,14:03,ZUSF00465,ok,,,,,,,,,
,,,Emma,2017-06-06,14:03,ZUSF00466,ok,,,,,,,,,
,,,Emma,2017-06-06,14:03,ZUSF00467,ok,,,,,,,,,
,,,Emma,2017-06-06,14:03,ZUSF00468,ok,,,,,,,,,
,,,Emma,2017-06-06,14:03,ZUSF00469,ok,,,,,,,,,
,,,Emma,2017-06-06,14:03,ZUSF00470,ok,,,,,,,,,
,,,Emma,2017-06-06,14:33,ZUSF00471,ok,,,,,,,,,
,,,Emma,2017-06-06,14:33,ZUSF00472,ok,,,,,,,,,
,,,Emma,2017-06-06,14:33,ZUSF00473,ok,,,,,,,,,
,,,Emma,2017-06-06,14:33,ZUSF00474,ok,,,,,,,,,
,,,Emma,2017-06-06,14:33,ZUSF00475,mixed ?,,,,,,,,,
,,,Emma,2017-06-06,14:33,ZUSF00476,ok,,,,,,,,,
,,,Emma,2017-06-06,14:33,ZUSF00477,ok,,,,,,,,,
,,,Emma,2017-06-06,12:35,ZUSF00478,ok,,,,,,,,,
,,,Emma,2017-06-06,12:35,ZUSF00479,ok,,,,,,,,,
,,,Emma,2017-06-06,12:35,ZUSF00480,ok,,,,,,,,,
,,,Emma,2017-06-06,12:35,ZUSF00481,ok,,,,,,,,,
,,,Emma,2017-06-06,12:35,ZUSF00482,ok,,,,,,,,,
,,,Emma,2017-06-06,12:35,ZUSF00483,ok,,,,,,,,,
,,,Emma,2017-06-06,12:16,ZUSF00484,ok,,,,,,,,,
,,,Emma,2017-06-06,12:16,ZUSF00485,ok,,,,,,,,,
,,,Emma,2017-06-06,12:16,ZUSF00486,ok,,,,,,,,,
,,,Emma,2017-06-06,12:16,ZUSF00487,ok,,,,,,,,,
,,,Emma,2017-06-06,12:16,ZUSF00488,ok,,,,,,,,,
,,,Emma,2017-06-06,12:16,ZUSF00489,ok,,,,,,,,,
,,,Emma,2017-06-06,12:16,ZUSF00490,ok,,,,,,,,,
,,,Emma,2017-06-06,13:54,ZUSF00491,ok,,,,,,,,,
,,,Emma,2017-06-06,13:54,ZUSF00492,ok,,,,,,,,,
,,,Emma,2017-06-06,13:54,ZUSF00493,ok,,,,,,,,,
,,,Emma,2017-06-06,13:54,ZUSF00494,ok,,,,,,,,,
,,,Emma,2017-06-06,13:54,ZUSF00495,ok,,,,,,,,,
,,,Emma,2017-06-06,13:54,ZUSF00496,ok,,,,,,,,,
,,,Emma,2017-06-06,13:54,ZUSF00497,ok ?,,,,,,,,,
,,,Emma,2017-06-06,14:37,ZUSF00498,ok,,,,,,,,,
,,,Emma,2017-06-06,14:37,ZUSF00499,ok,,,,,,,,,
,,,Emma,2017-06-06,14:37,ZUSF00500,ok,,,,,,,,,
,,,Emma,2017-06-06,14:37,ZUSF00501,ok,,,,,,,,,
,,,Emma,2017-06-06,14:37,ZUSF00502,ok,,,,,,,,,
,,,Emma,2017-06-06,14:37,ZUSF00503,ok,,,,,,,,,
,,,Emma,2017-06-06,14:37,ZUSF00504,ok,,,,,,,,,
,,,Emma,2017-06-06,14:40,ZUSF00505,ok,,,,,,,,,
,,,Emma,2017-06-06,14:40,ZUSF00506,mixed,,,,,,,,,
,,,Emma,2017-06-06,14:40,ZUSF00507,ok,,,,,,,,,
,,,Emma,2017-06-06,14:40,ZUSF00508,ok,,,,,,,,,
,,,Emma,2017-06-06,14:40,ZUSF00509,ok,,,,,,,,,
,,,Emma,2017-06-06,14:40,ZUSF00510,ok,,,,,,,,,
,,,Emma,2017-06-06,14:40,ZUSF00511,ok,,,,,,,,,
,,,Emma,2017-06-06,14:45,ZUSF00512,ok,,,,,,,,,
,,,Emma,2017-06-06,14:45,ZUSF00513,ok,,,,,,,,,
,,,Emma,2017-06-06,14:45,ZUSF00514,ok,,,,,,,,,
,,,Emma,2017-06-06,14:45,ZUSF00515,ok,,,,,,,,,
,,,Emma,2017-06-06,14:45,ZUSF00516,mixed,,,,,,,,,
,,,Emma,2017-06-06,14:45,ZUSF00517,ok,,,,,,,,,
,,,Emma,2017-06-06,14:47,ZUSF00518,ok,,,,,,,,,
,,,Emma,2017-06-06,14:47,ZUSF00519,ok,,,,,,,,,
,,,Emma,2017-06-06,14:47,ZUSF00520,ok,,,,,,,,,
,,,Emma,2017-06-06,14:47,ZUSF00521,mixed ?,,,,,,,,,
,,,Emma,2017-06-06,14:47,ZUSF00522,ok,,,,,,,,,
,,,Emma,2017-06-06,14:47,ZUSF00523,ok,,,,,,,,,
,,,Emma,2017-06-06,14:50,ZUSF00524,ok,,,,,,,,,
,,,Emma,2017-06-06,14:50,ZUSF00525,ok,,,,,,,,,
,,,Emma,2017-06-06,14:50,ZUSF00526,ok,,,,,,,,,
,,,Emma,2017-06-06,14:50,ZUSF00527,ok,,,,,,,,,
,,,Emma,2017-06-06,14:50,ZUSF00528,ok,,,,,,,,,
,,,Emma,2017-06-06,14:50,ZUSF00529,ok,,,,,,,,,
,,,Emma,2017-06-06,14:50,ZUSF00530,ok,,,,,,,,,
,,,,,,ZUSF00531,,,,,,,,,,
,,,Emma,2017-06-07,,ZUSF00532,,,,,,,,,,
,,,,,,ZUSF00533,ok,,,,,,,,,
,,,,,,ZUSF00534,,,,,,,,,,
,,,,,,ZUSF00535,,,,,,,,,,
,,,,,,ZUSF00536,,,,,,,,,,
,,,,,,ZUSF00537,,,,,,,,,,
,,,Emma,2017-06-07,10:45,ZUSF00538,ok,,,,,,,,,
,,,Emma,2017-06-07,10:45,ZUSF00539,ok,,,,,,,,,
,,,Emma,2017-06-07,10:45,ZUSF00540,ok,,,,,,,,,
,,,Emma,2017-06-07,10:45,ZUSF00541,ok,,,,,,,,,
,,,Emma,2017-06-07,10:45,ZUSF00542,ok,,,,,,,,,
,,,Emma,2017-06-07,10:45,ZUSF00543,ok,,,,,,,,,
,,,Emma,2017-06-07,10:45,ZUSF00544,ok,,,,,,,,,
,,,Emma,2017-06-07,10:38,ZUSF00545,ok,,,,,,,,,
,,,Emma,2017-06-07,10:38,ZUSF00546,ok,,,,,,,,,
,,,Emma,2017-06-07,10:38,ZUSF00547,ok,,,,,,,,,
,,,Emma,2017-06-07,10:38,ZUSF00548,ok,,,,,,,,,
,,,Emma,2017-06-07,10:38,ZUSF00549,ok,,,,,,,,,
,,,Emma,2017-06-07,10:38,ZUSF00550,ok,,,,,,,,,
,,,Emma,2017-06-07,10:38,ZUSF00551,ok,,,,,,,,,
,,,Emma,2017-06-07,10:48,ZUSF00552,ok,,,,,,,,,
,,,Emma,2017-06-07,10:48,ZUSF00553,ok,,,,,,,,,
,,,Emma,2017-06-07,10:48,ZUSF00554,ok,,,,,,,,,
,,,Emma,2017-06-07,10:48,ZUSF00555,ok,,,,,,,,,
,,,Emma,2017-06-07,10:48,ZUSF00556,ok,,,,,,,,,
,,,Emma,2017-06-07,10:48,ZUSF00557,ok,,,,,,,,,
,,,Emma,2017-06-07,10:48,ZUSF00558,ok,,,,,,,,,
,,,Emma,2017-06-07,10:48,ZUSF00559,ok,,,,,,,,,
,,,Emma,2017-06-07,10:54,ZUSF00560,ok,,,,,,,,,
,,,Emma,2017-06-07,10:54,ZUSF00561,ok,,,,,,,,,
,,,Emma,2017-06-07,10:54,ZUSF00562,ok,,,,,,,,,
,,,Emma,2017-06-07,10:54,ZUSF00563,ok,,,,,,,,,
,,,Emma,2017-06-07,10:54,ZUSF00564,ok,,,,,,,,,
,,,Emma,2017-06-07,10:54,ZUSF00565,ok,,,,,,,,,
,,,Emma,2017-06-07,10:54,ZUSF00566,ok,,,,,,,,,
,,,Emma,2017-06-07,10:54,ZUSF00567,ok,,,,,,,,,
,,,Emma,2017-06-07,11:00,ZUSF00568,ok,,,,,,,,,
,,,Emma,2017-06-07,11:00,ZUSF00569,ok,,,,,,,,,
,,,Emma,2017-06-07,11:00,ZUSF00570,ok,,,,,,,,,
,,,Emma,2017-06-07,11:00,ZUSF00571,ok,,,,,,,,,
,,,Emma,2017-06-07,11:00,ZUSF00572,ok,,,,,,,,,
,,,Emma,2017-06-07,11:00,ZUSF00573,ok,,,,,,,,,
,,,Emma,2017-06-07,11:00,ZUSF00574,ok,,,,,,,,,
,,,Emma,2017-06-07,11:00,ZUSF00575,ok,,,,,,,,,
,,,Emma,2017-06-07,10:59,ZUSF00576,ok,,,,,,,,,
,,,Emma,2017-06-07,10:59,ZUSF00577,ok,,,,,,,,,
,,,Emma,2017-06-07,10:59,ZUSF00578,ok,,,,,,,,,
,,,Emma,2017-06-07,10:59,ZUSF00579,ok,,,,,,,,,
,,,Emma,2017-06-07,10:59,ZUSF00580,ok,,,,,,,,,
,,,Emma,2017-06-07,10:59,ZUSF00581,ok,,,,,,,,,
,,,Emma,2017-06-07,10:59,ZUSF00582,ok,,,,,,,,,
,,,Emma,2017-06-07,10:59,ZUSF00583,ok,,,,,,,,,
,,,Emma,2017-06-07,11:05,ZUSF00584,ok,,,,,,,,,
,,,Emma,2017-06-07,11:05,ZUSF00585,ok,,,,,,,,,
,,,Emma,2017-06-07,11:05,ZUSF00586,ok,,,,,,,,,
,,,Emma,2017-06-07,11:05,ZUSF00587,ok,,,,,,,,,
,,,Emma,2017-06-07,11:05,ZUSF00588,ok,,,,,,,,,
,,,Emma,2017-06-07,11:05,ZUSF00589,ok,,,,,,,,,
,,,Emma,2017-06-07,11:05,ZUSF00590,mixed,,,,,,,,,
,,,Emma,2017-06-07,11:07,ZUSF00591,ok,,,,,,,,,
,,,Emma,2017-06-07,11:07,ZUSF00592,ok,,,,,,,,,
,,,Emma,2017-06-07,11:07,ZUSF00593,ok,,,,,,,,,
,,,Emma,2017-06-07,11:07,ZUSF00594,ok,,,,,,,,,
,,,Emma,2017-06-07,11:07,ZUSF00595,ok,,,,,,,,,
,,,Emma,2017-06-07,11:07,ZUSF00596,ok,,,,,,,,,
,,,Emma,2017-06-07,11:07,ZUSF00597,contaminated?,,,,,,,,,
,,,Emma,2017-06-07,11:10,ZUSF00598,ok,,,,,,,,,
,,,Emma,2017-06-07,11:10,ZUSF00599,ok,,,,,,,,,
,,,Emma,2017-06-07,11:10,ZUSF00600,ok,,,,,,,,,
,,,Emma,2017-06-07,11:10,ZUSF00601,mixed,,,,,,,,,
,,,Emma,2017-06-07,11:10,ZUSF00602,ok,,,,,,,,,
,,,Emma,2017-06-07,11:10,ZUSF00603,ok,,,,,,,,,
,,,Emma,2017-06-07,11:10,ZUSF00604,ok,,,,,,,,,
,,,Emma,2017-06-07,11:15,ZUSF00605,ok,,,,,,,,,
,,,Emma,2017-06-07,11:15,ZUSF00606,ok,,,,,,,,,
,,,Emma,2017-06-07,11:15,ZUSF00607,ok,,,,,,,,,
,,,Emma,2017-06-07,11:15,ZUSF00608,ok,,,,,,,,,
,,,Emma,2017-06-07,11:15,ZUSF00609,ok,,,,,,,,,
,,,Emma,2017-06-07,11:15,ZUSF00610,ok,,,,,,,,,
,,,Emma,2017-06-07,11:15,ZUSF00611,ok,,,,,,,,,
,,,Emma,2017-06-07,11:18,ZUSF00612,ok,,,,,,,,,
,,,Emma,2017-06-07,11:18,ZUSF00613,ok,,,,,,,,,
,,,Emma,2017-06-07,11:18,ZUSF00614,ok,,,,,,,,,
,,,Emma,2017-06-07,11:18,ZUSF00615,ok,,,,,,,,,
,,,Emma,2017-06-07,11:18,ZUSF00616,ok,,,,,,,,,
,,,Emma,2017-06-07,11:18,ZUSF00617,ok,,,,,,,,,
,,,Emma,2017-06-07,11:18,ZUSF00618,ok,,,,,,,,,
,,,Emma,2017-06-07,11:21,ZUSF00619,ok,,,,,,,,,
,,,Emma,2017-06-07,11:21,ZUSF00620,ok,,,,,,,,,
,,,Emma,2017-06-07,11:21,ZUSF00621,ok,,,,,,,,,
,,,Emma,2017-06-07,11:21,ZUSF00622,ok,,,,,,,,,
,,,Emma,2017-06-07,11:21,ZUSF00623,ok,,,,,,,,,
,,,Emma,2017-06-07,11:21,ZUSF00624,ok,,,,,,,,,
,,,Emma,2017-06-07,11:21,ZUSF00625,ok,,,,,,,,,
,,,Emma,2017-06-07,11:34,ZUSF00626,ok,,,,,,,,,
,,,Emma,2017-06-07,11:34,ZUSF00627,ok,,,,,,,,,
,,,Emma,2017-06-07,11:34,ZUSF00628,ok,,,,,,,,,
,,,Emma,2017-06-07,11:34,ZUSF00629,ok,,,,,,,,,
,,,Emma,2017-06-07,11:34,ZUSF00630,ok,,,,,,,,,
,,,Emma,2017-06-07,11:34,ZUSF00631,ok,,,,,,,,,
,,,Emma,2017-06-07,11:34,ZUSF00632,ok,,,,,,,,,
,,,Emma,2017-06-07,11:38,ZUSF00633,ok,,,,,,,,,
,,,Emma,2017-06-07,11:38,ZUSF00634,ok,,,,,,,,,
,,,Emma,2017-06-07,11:38,ZUSF00635,ok,,,,,,,,,
,,,Emma,2017-06-07,11:38,ZUSF00636,ok,,,,,,,,,
,,,Emma,2017-06-07,11:38,ZUSF00637,ok,,,,,,,,,
,,,Emma,2017-06-07,11:38,ZUSF00638,ok,,,,,,,,,
,,,Emma,2017-06-07,11:38,ZUSF00639,ok,,,,,,,,,
,,,Emma,2017-06-07,11:40,ZUSF00640,ok,,,,,,,,,
,,,Emma,2017-06-07,11:40,ZUSF00641,ok,,,,,,,,,
,,,Emma,2017-06-07,11:40,ZUSF00642,ok,,,,,,,,,
,,,Emma,2017-06-07,11:40,ZUSF00643,ok,,,,,,,,,
,,,Emma,2017-06-07,11:40,ZUSF00644,ok,,,,,,,,,
,,,Emma,2017-06-07,11:40,ZUSF00645,mixed,,,,,,,,,
,,,Emma,2017-06-07,11:40,ZUSF00646,ok,,,,,,,,,
,,,Emma,2017-06-07,11:40,ZUSF00647,ok,,,,,,,,,
,,,Emma,2017-06-07,11:43,ZUSF00648,ok,,,,,,,,,
,,,Emma,2017-06-07,11:43,ZUSF00649,ok,,,,,,,,,
,,,Emma,2017-06-07,11:43,ZUSF00650,ok,,,,,,,,,
,,,Emma,2017-06-07,11:43,ZUSF00651,ok,,,,,,,,,