Strain,Phylum,Order,Genus+species,AFTOL-ID,Strain_voucher,x18S,x28S,RPB1,RPB2,EF1A,nucITS,PreviousName
1007_Acarospora_laqueata,Ascomycota,Acarosporales,Acarospora laqueata ,1007, VR 6-VII-98/14 , AY640984, AY640943, DQ782860, AY641024, --, DQ842014,
1005_Acarospora_schleicheri,Ascomycota,Acarosporales, Acarospora schleicheri,1005,23865, AY640986, AY640945, DQ782859, AY641026, --, DQ525529,
78_Acarosporina_microspora,Ascomycota,Ostropales, Acarosporina microspora ,78, CBS 338.39, AY584667, AY584643, DQ782818, AY584682, DQ782890, DQ782834,
684_Agonimia_cf_repleta,Ascomycota,Verrucariales, Agonimia_cf_repleta,684,45172, DQ782885, DQ782913, DQ782853, DQ782874, DQ782917, DQ826742,Agonimia sp. 
65_Aleuria_aurantia,Ascomycota,Pezizales, Aleuria aurantia ,65, OSC 100018, AY544698, AY544654, DQ471120, DQ247785, DQ466085, DQ491495,
300_Allomyces_arbusculus,Chytridiomycota,Blastocladiales, Allomyces arbusculus ,300, Brazil 2, AY552524, AY552525, DQ294578, DQ302765, paralog, AY997028,
673_Amanita_brunnescens,Basidiomycota,Agaricales, Amanita brunnescens ,673, PBM 2429, AY707096, AY631902, AY788847, AY780936, AY881021, AY789079,
542_Ampulloclitocybe_clavipes,Basidiomycota,Agaricales, Ampulloclitocybe clavipes ,542, PBM 2474, AY771612, AY639881, AY788848, AY780937, AY881022, AY789080,
101_Anisomeridium_polypori,Ascomycota,Pyrenulales, Anisomeridium polypori ,101, 4237a, DQ782877, DQ782906, DQ782822, DQ782864, DQ782894, DQ782838,
Arabidopsis_thaliana,Plantae,, Arabidopsis thaliana ,, GenBank, X52322, X52322, NM_119746 , NM_118291 , AY133532, X52322,
449_Armillaria_mellea,Basidiomycota,Agaricales, Armillaria mellea ,449, PBM 2470, AY787217, AY700194, AY788849, AY780938, AY881023, AY789081,
181_Ascobolus_crenulatus,Ascomycota,Pezizales, Ascobolus crenulatus ,181, KH.02.005, AY544721, AY544678, DQ471132, DQ470893, DQ471061, DQ491504,
1079_Aspergillus_fumigatus,Ascomycota,Eurotiales, Aspergillus fumigatus ,1079, GenBank, AB008401, AY660917, XM_747744 , XM_741647 , XM_745295 , AY373851,
1080_Aspergillus_nidulans,Ascomycota,Eurotiales, Aspergillus nidulans ,1080, GenBank, ENU77377, AF454167, XM_653321 , XM_677297 , XM_656730 , AY373888,
110_Astrothelium_cinnamomeum,Ascomycota,Pyrenulales, Astrothelium_cinnamomeum,110, 15322b, AY584676, AY584652, DQ782824, AY584690, DQ782896, DQ782839,Trypethelium sp.
576_Athelia_cf_epiphylla,Basidiomycota,Aphyllophorales, Athelia_cf_epiphylla,576, LA082103L, AY654887, AY635779, AH014577, AY885161, AY879115, AY854062,Fibulorhizoctonia sp.
713_Aureoboletus_projectellus,Basidiomycota,Boletales, Aureoboletus_projectellus,713, MB 03-118, AY662660, AY684158, AY788850, AY787218, AY879116, AY789082,Boletellus projectellus
642_Bacidia_schweinitzii,Ascomycota,Lecanorales, Bacidia schweinitzii ,642, 03.07.04-3, DQ782884, DQ782911, DQ782830, DQ782872, DQ782902, DQ782850,
301_Basidiobolus_ranarum,Zygomycota,Entomoph-thorales, Basidiobolus ranarum ,301, NRRL34594, AY635841, DQ273807, DQ294589, DQ302777, DQ282610, AY997030,
21_Batrachochytrium_dendrobatidis,Chytridiomycota,Chytridiales, Batrachochytrium dendrobatidis ,21, JEL197, AF051932, AY546693, DQ294583, DQ302769, DQ282602, AY997031,
54_Bipolaris_maydis,Ascomycota,Pleosporales, Bipolaris_maydis,54, CBS 134.39, AY544727, AY544645, DQ518183, DQ247790, DQ497603, DQ491489,Cochliobolus heterostrophus
452_Bondarzewia_montana,Basidiomycota,Aphyllophorales, Bondarzewia montana ,452, DAOM 415, U59063, DQ234539, DQ256049, AY218474, DQ059044, DQ200923,
689_Boothiomyces_macroporosum,Chytridiomycota,Chytridiales, Boothiomyces_macroporosum ,689, PL AUS 21, DQ322622, DQ273823, DQ294600, DQ302793, DQ282603, AY997084,Rhizophydium macroporosum
59_Botrytis_cinerea,Ascomycota,Helotiales, Botrytis_cinerea,59, OSC 100012, AY544695, AY544651, DQ471116, DQ247786, DQ471045, DQ491491,Botryotinia fuckeliana
Caenorhabditis_elegans,Animalia,, Caenorhabditis elegans ,, GenBank, X03680, X03680, NM_068122 , NM_065646 , NM_076922 , X03680,
438_Calocera_cornea,Basidiomycota,Dacrymycetales, Calocera cornea ,438, GEL 5359, AY771610, AY701526, AY857980, AY536286, AY881019, AY789083,
152_Caloscypha_fulgens,Ascomycota,Pezizales, Caloscypha fulgens ,152, OSC 100062, DQ247807, DQ247799, DQ471126, DQ247787, DQ471054, DQ491483,
439_Calostoma_cinnabarinum,Basidiomycota,Boletales, Calostoma cinnabarinum ,439, AW 136, AY665773, AY645054, AY857979, AY780939, AY879117, AY854064,
1074_Candida_albicans,Ascomycota,Saccharo-mycetales, Candida albicans ,1074, GenBank, AACQ01000290 REGION: 7072.. 8646 , AACQ01000290 REGION: 9209.. 10587 , XM_714321 , XM_713346 , XM_706806 , AF455531,
1073_Candida_glabrata,Ascomycota,Saccharo-mycetales, Candida glabrata ,1073, GenBank, AY198398, AY198398, XM_447415 , XM_448959 , XM_448561 , AY198398,
1269_Candida_tropicalis,Ascomycota,Saccharo-mycetales, Candida tropicalis ,1269, GenBank, M55527, AAFN01000124 REGION: 191890..193271 , AAFN01000119 REGION: 2828.. 5441 , AY485615 , AAFN01000051 REGION: 10387 .. 11574 , AF321539,
6_Canoparmelia_caroliniana,Ascomycota,Lecanorales, Canoparmelia caroliniana ,6, 01-26-03.20, AY584658, AY584634, DQ782817, AY584683, DQ782889, DQ782833,
939_Capnodium_coffeae,Ascomycota,Capnodiales, Capnodium coffeae ,939, CBS 147.52, DQ247808, DQ247800, DQ471162, DQ247788, DQ471089, DQ491515,
657_Capronia_pilosella,Ascomycota,Chaetothyriales, Capronia pilosella ,657, WUC28, DQ823106, DQ823099, DQ840554, DQ840561, DQ840565, DQ826737,
217_Chaetomium_globosum,Ascomycota,Sordariales, Chaetomium globosum ,217, GenBank, AY545725, AY545729, AAFU01000188 REGION: 73498 ..76125, AAFU01001128 REGION: 238 .. 2979 , DQ518176, DQ518179,
148_Cheilymenia_stercorea,Ascomycota,Pezizales, Cheilymenia stercorea ,148, OSC 100034, AY544705, AY544661, DQ471123, AY544733, DQ471052, DQ491500,
Chlamydomonas_reinhardtii,Chlorophyta,, Chlamydomonas reinhardtii ,, GenBank,  M32703.1,  AF183463,  G, G, paralog, U66954,
151_Chlorociboria_aeruginosa,Ascomycota,Helotiales, Chlorociboria aeruginosa ,151, OSC 100056, AY544713, AY544669, DQ471125, DQ470886, DQ471053, DQ491501,
867_Cintractia_sorghi-vulgaris,Basidiomycota,Ustilaginales, Cintractia sorghi-vulgaris ,867, CBS 104.17, DQ234548, AY745726, --, DQ234549, DQ028590, DQ200931,
Ciona_intestinalis,Animalia,, Ciona intestinalis ,, GenBank, AB013017,  AF212177,  AABS01000823 REGION: 9183.. 18948 , AABS01000442 REGION: 13491 ,..23574 , AB070230,
27_Cladochytrium_replicatum,Chytridiomycota,Chytridiales, Cladochytrium replicatum ,27, JEL180, AY546683, AY546688, DQ294587, DQ302774, DQ282607, AY997037,
3_Cladonia_caroliniana,Ascomycota,Lecanorales, Cladonia caroliniana ,3, 01-26-03.2, AY584664, AY584640, DQ782822, AY584684, DQ782888, DQ782832,
563_Clavaria_zollingeri,Basidiomycota,Cantharellales, Clavaria zollingeri ,563, TENN 58652 , AY657008, AY639882, AY857987-8 , AY780940, AY881024, AY854071,
1268_Clavispora_lusitaniae,Ascomycota,Saccharo-mycetales, Clavispora_lusitaniae,1268, GenBank, M55526, AAFT01000087 REGION: 56020.. 56838 , AAFT01000002 REGION: 415878.. 418490, AAFT01000003 REGION: 85594.. 88339 , AAFT01000062 REGION: 135156..136436 , AY321475,Candida lusitaniae 
767_Climacodon_septentrionalis,Basidiomycota,Stereales, Climacodon septentrionalis ,767, ZW s.n., AY705964, AY684165, AY864872 -3 , AY780941, AY885151, AY854082,
1084_Coccidioides_immitis,Ascomycota,Onygenales, Coccidioides immitis ,1084, RS, AAEC02000046 REGION: 75557.. 77144 , AAEC02000027 REGION: 29738 ..31122, AAEC02000017 REGION: 34058 ..37220, AAEC02000035 REGION: 62079.. 64829 , AAEC02000020 REGION: 35520..37037 , --,
147_Coccomyces_dentatus,Ascomycota,Rhytismatales, Coccomyces dentatus ,147, OSC 100021, AY544701, AY544657, --, DQ247789, DQ497605, DQ491499,
18_Coelomomyces_stegomyiae,Chytridiomycota,Blastocladiales, Coelomomyces stegomyiae ,18, DUH0008925 , AF322406, DQ273767, DQ294579, DQ302766, paralog, AY997038,
140_Coemansia_reversa,Zygomycota,Kickxellales, Coemansia reversa ,140, NRRL1564, AF007533, AY546689, DQ294594, DQ302783, DQ282615, AY997039,
709_Colacogloea_peniophorae,Basidiomycota,Microbotryo-mycetidae incertae sedis, Colacogloea peniophorae ,709, CBS 684.93, DQ234564 -5 , AY629313, DQ234569, DQ234550, DQ234566, DQ202270,
557_Collybia_tuberosa,Basidiomycota,Agaricales, Collybia tuberosa ,557, TENN 53540 , AY771606, AY639884, AY857982, AY787219, AY881025, AY854072,
447_Coltricia_perennis,Basidiomycota,Hymeno-chaetales, Coltricia perennis ,447, DSH 93-198, AF026583, AF287854, AY864867, AY218526, AY885147, --,
137_Conidiobolus_coronatus,Zygomycota,Entomoph-thorales, Conidiobolus coronatus ,137, NRRL28638, AF113418, AY546691, DQ294591, DQ302779, paralog, AY997041,
1087_Coprinopsis_cinerea,Basidiomycota,Agaricales, Coprinopsis cinerea ,1087, GenBank, M92991, AF041494, AACS01000015 REGION: 48684.. 52695 , AACS01000026 REGION: 389547.. 392387 , AACS01000024 REGION: 71702.. 73198 , AF345819,
626_Coprinus_comatus,Basidiomycota,Agaricales, Coprinus comatus ,626, ECV 3198, AY665772, AY635772, AY857983, AY780934, AY881026, AY854066,
285_Cortinarius_iodes,Basidiomycota,Agaricales, Cortinarius iodes ,285, PBM 2426, AY771605, AY702013, AY857984, AY536285, AY881027, AF389133,
700_Cotylidia_sp_MB5,Basidiomycota,Stereales, Cotylidia_sp_MB5,700, MB-5, AY705958, AY629317, AY864868, AY883422, AY885148, AY854079,Cotylidia sp.
1088_Cryptococcus_neoformans_var_neoformans,Basidiomycota,Filobasidiales, Cryptococcus neoformans_var_neoformans,1088, GenBank, L05428, AE017342 REGION: 277938.. 279341, XM_570943 , XM_570204 , XM_568462 , AB034643,Cryptococcus neoformans
Cryptosporidium_parvum,Apicomplexa,, Cryptosporidium parvum ,, GenBank, AF161859,  AF040725,  XM_626822 , XM_628533 ,U71180, AF040725,
166_Cudoniella_clavus,Ascomycota,Helotiales, Cudoniella clavus ,166, OSC 100054, DQ470992, DQ470944, DQ471128, DQ470888, DQ471056, DQ491502,
Cyanidioschyzon_merolae,Rhodophyta,, Cyanidioschyzon merolae ,, GenBank, AB158485, AB158485, AB095187, AP006490 REGION: 284244 .. 286886 , AB095182, AB158485,
454_Dacryopinax_spathularia,Basidiomycota,Dacrymycetales, Dacryopinax spathularia ,454, GEL 5052 , AY771603 , AY701525 , AY857981 , AY786054    , AY881020  , AY854070,
1077_Debaryomyces_hansenii,Ascomycota,Saccharomycetales, Debaryomyces hansenii ,1077, GenBank, DHA508273 , AF485980 , XM_456921 , CR382139 REGION: 645109.. 647847 , XM_460533 , AF210327,
355_Dendrographa__leucophaea_f_minor,Ascomycota,Arthoniales, Dendrographa _leucophaea_f_minor,355,10070, AF279381, AF279382, --, AY641034, DQ842007, DQ842015,Dendrographa minor
138_Dentiscutata_heterogama,Glomeromycota,Diversisporales, Dentiscutata_heterogama,138, FL225, AY635832, DQ273792, DQ294604, DQ302780, DQ282612, AY997088,Scutellospora heterogama
91_Dermatocarpon_miniatum,Ascomycota,Verrucariales, Dermatocarpon miniatum ,91,9702, AY584668, AY584644, DQ782821, DQ782863, DQ782893, DQ782837,
941_Dermea_acerina,Ascomycota,Helotiales, Dermea acerina ,941, CBS 161.38, DQ247809, DQ247801, DQ471164, DQ247791, DQ471091, AF141164,
935_Diaporthe_eres,Ascomycota,Diaporthales, Diaporthe eres ,935, CBS 109767, DQ471015, AF408350, --, DQ470919, DQ479931, DQ491514,
358_Dibaeis_baeomyces,Ascomycota,Pertusariales, Dibaeis baeomyces ,358, 93.08.20-1 1/1 , AF113712, AF279385, DQ842011, AY641037, DQ842008, DQ782844,
Dictyostelium_discoideum,Mycetozoa,, Dictyostelium discoideum ,, GenBank, X00601.1, X00601.1, AF058710, XM_631720 , X55972.1,  X00601.1,
136_Dimargaris_bacillispora,Zygomycota,Dimargaritales, Dimargaris bacillispora ,136, NRRL 2808, AB016020, DQ273791, DQ294588, DQ302775, DQ282609, AY997043,
179_Disciotis_venosa,Ascomycota,Pezizales,Disciotis venosa.,179, NRRL 22213 , AY544711, AY544667, DQ471131, DQ470892, DQ471060, DQ491503,
921_Dothidea_insculpta,Ascomycota,Dothideales, Dothidea insculpta ,921, CBS 189.58, DQ247810, --, DQ471154, DQ247792, DQ471081, AF027764,
274_Dothidea_sambuci,Ascomycota,Dothideales, Dothidea sambuci ,274, DAOM 231303, AY544722, AY544681, --, DQ522854, DQ497606, DQ491505,
Drosophila_melanogaster,Animalia,, Drosophila melanogaster ,, GenBank, M21017, M21017, NM_078569 , NM_057358 , NM_165850 , M21017,
455_Echinodontium_tinctorium,Basidiomycota,Agaricales, Echinodontium tinctorium ,455, DAOM 16666 , AF026578 , AF393056  , AY864882  , AY218482 , AY885157 , AY854088,
106_Echinoplaca_strigulacea,Ascomycota,Ostropales, Echinoplaca strigulacea ,106, 16001d, DQ782878, DQ782905, DQ782823, DQ782865, DQ782895, --,
661_Endocarpon_pallidulum,Ascomycota,Verrucariales, Endocarpon pallidulum ,661,4028, DQ823104, DQ823097, DQ840552, DQ840559, --, DQ826735,
456_Endocronartium_harknessii,Basidiomycota,Uredinales, Endocronartium harknessii ,456, CFB 22250, AY665785, AY700193, --, DQ234551, DQ234567, DQ206982,
539_Endogone_pisiformis,Zygomycota,Endogonales, Endogone pisiformis ,539, DAOM 233144, DQ322628, DQ273811, DQ294601, DQ302776, DQ282618, AY997046,
28_Entomophthora_muscae,Zygomycota,Entomoph-thorales, Entomophthora muscae ,28, ARSEF3074, AY635820, DQ273772, DQ294590, DQ302778, paralog, AY997047,
870_Entyloma_holwayi,Basidiomycota,Entylomatales, Entyloma holwayi ,870, CBS 111593, DQ234562, AY745721, --, DQ234552, DQ028593, DQ206984,
1072_Eremothecium_gossypii,Ascomycota,Saccharo-mycetales, Eremothecium_gossypii,1072, GenBank, AF113137, AF113137, NM_209535 , NM_211306 , NM_209079 , AF113137,Ashbya gossypii
668_Exophiala_dermatitidis,Ascomycota,Chaetothyriales, Exophiala dermatitidis ,668, WUC176, DQ823107, DQ823100, DQ840555, DQ840562, DQ840566, DQ826738,
669_Exophiala_pisciphila,Ascomycota,Chaetothyriales, Exophiala pisciphila ,669, WUC137, DQ823108, DQ823101, DQ840556, DQ840563, DQ840567, DQ826739,
558_Flammulina_velutipes,Basidiomycota,Agaricales, Flammulina velutipes ,558, TENN 52002, AY665781, AY639883, AY858966, AY786055, AY883423, AY854073,
688_Fomitiporia_mediterranea,Basidiomycota,Hymeno-chaetales, Fomitiporia mediterranea ,688, 3/22.7, AY662664, AY684157, AY864869 -70 , AY803748, AY885149, AY854080,
770_Fomitopsis_pinicola,Basidiomycota,Aphyllophorales, Fomitopsis pinicola ,770, MB 03-036, AY705967, AY684164, AY864874 -5 , AY786056, AY885152, AY854083,
139_Funneliformis_mosseae,Glomeromycota,Glomerales, Funneliformis_mosseae,139, UT101, AY635833, DQ273793, DQ294592, DQ302781, DQ282613, AY997053,Glomus mosseae
1082_Fusarium_graminearum,Ascomycota,Hypocreales, Fusarium graminearum ,1082, GenBank, --, AY188924, XM_381092 , AACM01000132 REGION: 154552.. 157390 , XM_388987 , AF132798,
466_Gautieria_otthii,Basidiomycota,Gautieriales, Gautieria otthii ,466, REG 636, AF393043, AF393058, AY864864 -5 , AY218486, AY883434, AF377072,
56_Geoglossum_nigritum,Ascomycota,Helotiales, Geoglossum nigritum ,56, OSC 100009, AY544694, AY544650, DQ471115, DQ470879, DQ471044, DQ491490,
574_Geosiphon_pyriformis,Glomeromycota,Archaeosporales, Geosiphon pyriformis ,574, W4756, AM183923, AM183920, AM183921, --, AM183922, --,
952_Gnomonia_gnomon,Ascomycota,Diaporthales, Gnomonia gnomon ,952, CBS 199.53, DQ471019, AF408361, DQ471167, DQ470922, DQ471094, DQ491518,
701_Grifola_frondosa,Basidiomycota,Aphyllophorales, Grifola frondosa ,701, DSH s.n., AY705960, AY629318, AY864876, AY786057, AY885153, AY854084,
562_Grifola_sordulenta,Basidiomycota,Aphyllophorales, Grifola sordulenta ,562, TENN 55054, AY665780,  AY645050, AY864877-9 , AY786058, AY885154, AY854085,
176_Gyromitra_californica,Ascomycota,Pezizales, Gyromitra californica ,176, OSC 100068, AY544717, AY544673, DQ471130, DQ470891, DQ471059, --,
66_Helvella_compressa,Ascomycota,Pezizales, Helvella compressa ,66, OSC 100019, AY544699, AY544655, --, DQ497613, DQ497604, DQ491496,
468_Henningsomyces_candidus,Basidiomycota,Agaricales, Henningsomyces candidus ,468, Thorn 156 , AF334916 , AF287864 , AY860521  , AY218513 , AY883424 , AY571043,
1083_Histoplasma_capsulatum,Ascomycota,Onygenales, Histoplasma capsulatum ,1083,  GenBank,  A, A, A, A, A, AB055230,
Homo_sapiens,Animalia,, Homo sapiens ,, GenBank, U13369, U13369, X63564, X63563, NM_001402 , U13369,
26_Hyaloraphidium_curvatum,Chytridiomycota,Mono-blepharidales, Hyaloraphidium curvatum ,26, SAG 235-1, Y17504, DQ273771, DQ294585, DQ302772, DQ282606, AY997055,
471_Hydnum_albomagnum,Basidiomycota,Cantharellales, Hydnum albomagnum ,471, PBM 2512, AY665777, AY700199, DQ234570, DQ234553, DQ234568, DQ218305,
186_Hydropisphaera_erubescens,Ascomycota,Hypocreales, Hydropisphaera erubescens ,186, ATCC 36093 , AY545722, AY545726, DQ518182, AY545731, DQ518174, --,
729_Hygrocybe_aff_conica_PBM_918,Basidiomycota,Agaricales, Hygrocybe_aff_conica_PBM_918 ,729, PBM 918, AY752965, AY684167, AY860522, AY803747, AY883425, AY854074,Hygrocybe aff. conica
714_Hygrophoropsis_aurantiaca,Basidiomycota,Boletales, Hygrophoropsis aurantiaca ,714, MB 03-127, AY662663, AY684156, AY858961 -2  , AY786059, AY883427, AY854067,
687_Hypocenomyce_scalaris,Ascomycota,Lecanorales, Hypocenomyce scalaris ,687,2058, DQ782886, DQ782914, DQ782854, DQ782875, DQ782918, DQ782852,
1075_Kluyveromyces_lactis,Ascomycota,Saccharo-mycetales, Kluyveromyces lactis ,1075, GenBank, NC_006040 REGION: 1514508..1516092 , NC_006040 REGION: 1494981..1496333 , XM_455310 , XM_451784 , XM_451929 , AY338969,
1071_Lachancea_waltii,Ascomycota,Saccharo-mycetales, Lachancea_waltii,1071, GenBank, AADM01000401 REGION: 1935.. 3527 , AADM01000465 REGION: 1022 ..2407 , AADM01000294 REGION: 25792.. 28761 , AADM01000162 REGION: 31572.. 34283 , AADM01000010 REGION: 45684.. 46913 , AY046208,Kluyveromyces waltii
49_Lachnum_virgineum,Ascomycota,Helotiales, Lachnum virgineum ,49, OSC 100002, AY544688, AY544646, --, DQ470877, DQ497602, DQ491485,
682_Lactarius_deceptivus,Basidiomycota,Russulales, Lactarius deceptivus ,682, PBM 2462, AY707093, AY631899, AY864883-4   , AY803749 , AY885158 , AY854089,
639_Lecanora_hybocarpa,Ascomycota,Lecanorales,Lecanora hybocarpa,639, 03.07.04-2, DQ782883, DQ782910, DQ782829, DQ782871, DQ782901, DQ782849,
1_Leotia_lubrica,Ascomycota,Helotiales, Leotia lubrica ,1, OSC 100001, AY544687, AY544644, DQ471113, DQ470876, DQ471041, DQ491484,
896_Lichinella_iodopulchra,Ascomycota,Lichinales, Lichinella iodopulchra ,896, 16319a, --, --, DQ782857, DQ832328, DQ832327, DQ842016,
413_Lindra_thalassiae,Ascomycota,Lulworthiales, Lindra thalassiae ,413, JK 5090A, DQ470994, DQ470947, --, DQ470897, DQ471065, DQ491508,
424_Lulworthia_grandispora,Ascomycota,Lulworthiales, Lulworthia grandispora ,424, JK 4686, DQ522855, DQ522856, --, DQ518181, DQ497608, --,
480_Lycoperdon_pyriforme,Basidiomycota,Agaricales, Lycoperdon pyriforme ,480, DSH 96-054,  AF026619, AF287873, AY860523 -4 , AY218495, AY883426, AY854075,
1081_Magnaporthe_grisea,Ascomycota,Sordariomycetes incertae sedis, Magnaporthe grisea ,1081, GenBank, AB026819, AB026819, XM_362207 , XM_362269 , AY849694, AB026819,
1270_Meyerozyma_guilliermondii,Ascomycota,Saccharo-mycetales, Meyerozyma_guilliermondii,1270, GenBank, AB013587, AAFM01000051 REGION: 270781.. 272161, C, AY485613,  AAFM01000070 REGION: 128541.. 129769, AB054109,Candida guilliermondii
914_Microascus_trigonosporus,Ascomycota,Microascales, Microascus trigonosporus ,914, CBS 218.31, DQ471006, DQ470958, DQ471150, DQ470908, DQ471077, DQ491513,
76_Mollisia_cinerea,Ascomycota,Helotiales, Mollisia cinerea ,76, OSC 100029, DQ470990, DQ470942, DQ471122, DQ470883, DQ471051, DQ491498,
426_Monascus_purpureus,Ascomycota,Eurotiales, Monascus purpureus,426, CBS 109.07, DQ782881, DQ782908, DQ842012, --, --, DQ782847,
279_Monilinia_fructicola,Ascomycota,Helotiales, Monilinia fructicola ,279, DAOM 231119, AY544714, AY544670, --, DQ470889, DQ471057, DQ491506,
25_Monoblepharella_sp_M15,Chytridiomycota,Mono-blepharidales, Monoblepharella_sp_M15 ,25, M15, AY546682, AY546687, DQ294608, DQ302771, DQ282605, AY997060,Monoblepharella sp.
Monosiga_brevicollis,Choano-flagellida,, Monosiga brevicollis ,, GenBank, AF100940, AY026374, AF315821, --, paralog, --,
60_Morchella_esculenta,Ascomycota,Pezizales, Morchella_esculenta ,60, MV3, AY544708, AY544664, DQ471117, DQ470880, DQ471046, --,Morchella aff. esculenta
141_Mortierella_verticillata,Zygomycota,Mortierellales, Mortierella verticillata ,141, NRRL6337, AF157145, DQ273794, DQ294595, DQ302784, AF157262, AY997063,
556_Mycetinis_alliaceus,Basidiomycota,Agaricales, Mycetinis_alliaceus,556, TENN 55620, AY787214,  AY635776,  AY860525-6   , AY786060 , AY883430 -1 , AY854076,Marasmius alliaceus
196_Mycoblastus_sanguinarius,Ascomycota,Lecanorales, Mycoblastus sanguinarius ,196, 07.01.03-3, DQ782879, DQ782915, DQ782827, DQ782867, DQ782898, DQ782842,
1070_Naumovozyma_castellii,Ascomycota,Saccharo-mycetales, Naumovozyma_castellii,1070, GenBank, Z75577, AACF01000279 REGION: 1595..2975 , AACF01000092 REGION: 14761.. 17730 , AACF01000010 REGION: 85223.. 87931 , AACF01000123 REGION: 6264 .. 7490 , AY046180,Saccharomyces castellii
161_Nectria_haematococca,Ascomycota,Hypocreales, Nectria_haematococca,161, GJS 89-70, U32412, U00748, AY489666,  DQ518180,  AF543785, DQ518177,Fusarium aff. solani
638_Neocallimastix_cf_frontalis,Chytridiomycota,Neo-callimastigales, Neocallimastix_cf_frontalis,638, GE13, DQ322625, DQ273822, DQ294611, --, DQ282608, AY997064,Neocallimastix sp.
1078_Neurospora_crassa,Ascomycota,Sordariales, Neurospora crassa ,1078, GenBank, X04971, AF286411, XM_959004 , XM_952013 , XM_959775 , AF388914,
633_Olpidium_brassicae,Chytridiomycota,Spizello-mycetales, Olpidium brassicae ,633, DUH0009361 , DQ322624, DQ273818, DQ294609, --, paralog, AY997067,
906_Orbilia_auricolor,Ascomycota,Orbiliales, Orbilia auricolor ,906, CBS 547.63, DQ471001, DQ470953, --, DQ470903, DQ471072, DQ491512,
905_Orbilia_vinosa,Ascomycota,Orbiliales, Orbilia vinosa ,905, CBS 917.72, DQ471000, DQ470952, DQ471145, --, DQ471071, DQ491511,
296_Orceolina_kerguelensis,Ascomycota,Agyriales, Orceolina kerguelensis ,296,20964, DQ366257, AY212830, --, DQ366256, DQ366254, AY212814,
1062_Orphella_haysii,Zygomycota,Harpellales, Orphella_haysii ,1062, NS-35-W16, DQ322626, DQ273830, DQ294606, --, --, AY997068,Orphella aff. haysii
Oryza_sativa,Plantae,, Oryza sativa ,, GenBank, AF069218,  M11585, AP008214 REGION: 3222137 .. 3226410 , AL731878 REGION: 36606.. 41631, AK073196,  AF169230,
844_Paraglomus_occultum,Glomeromycota,Paraglomerales, Paraglomus occultum ,844, IA702, DQ322629, DQ273827, DQ294602, --, DQ282614, AY997069,
134_Peltigera_degenii,Ascomycota,Peltigerales, Peltigera degenii ,134, 19/02, AY584681, AY584657, DQ782826, AY584688, DQ782897, DQ782841,
892_Peltula_auriculata,Ascomycota,Lichinales, Peltula auriculata ,892,24901, DQ832332, DQ832330, DQ782856, DQ832331, --, DQ832329,
891_Peltula_umbilicata,Ascomycota,Lichinales, Peltula umbilicata ,891, 14901a-1 , DQ782887, DQ832334, DQ782855, DQ832335, DQ782919, DQ832333,
518_Peniophorella_praetermissa,Basidiomycota,Aphyllophorales, Peniophorella_praetermissa,518, GEL 2182, AY707094, AY700185, AY864871, AY787221, AY885150, AY854081,Hyphoderma praetermissum
224_Pertusaria_dactylina,Ascomycota,Pertusariales, Pertusaria dactylina ,224, 07.01.03-13, DQ782880, DQ782907, DQ782828, DQ782868, DQ782899, DQ782843,
71_Peziza_proteana_f_sparassoides,Ascomycota,Pezizales, Peziza proteana f. sparassoides ,71, OSC 100024, AY544703, AY544659, DQ518184, --, --, DQ491497,
507_Peziza_vesiculosa,Ascomycota,Pezizales, Peziza vesiculosa ,507, TL-6398, DQ470995, DQ470948, --, DQ470898, DQ471066, DQ491509,
776_Phanerochaete_chrysosporium,Basidiomycota,Aphyllophorales, Phanerochaete chrysosporium ,776, GenBank, AF026593, AF287883, AY864880, AADS01000047 REGION: 96253.. 99302 , AY885155, AY854086,
484_Phlebia_radiata,Basidiomycota,Aphyllophorales, Phlebia radiata ,484, FPL6140 , AF026606 , AF287885  , AY864881  , AY218502 , AY885155 , AY854087,
184_Phycomyces_blakesleeanus,Zygomycota,Mucorales, Phycomyces blakesleeanus ,184, NRRL1555, AY635837, DQ273800, DQ294607, DQ302789, DQ282620, AY997071,
84_Physcia_aipolia,Ascomycota,Lecanorales, Physcia aipolia ,84,  DQ782876, DQ782904, DQ782820, DQ782862, DQ782892, DQ782836,,
19_Physoderma_maydis,Chytridiomycota,Blastocladiales, Physoderma maydis ,19, DUH0007932 , AY601708, DQ273767, DQ294580, DQ302767, DQ282600, AY997072,
Phytophthora_sojae,Chromista,, Phytophthora sojae ,, GenBank, AY742749.1 , --, G, G, G, AF266769,
145_Piptocephalis_corymbifera,Zygomycota,Zoopagales, Piptocephalis corymbifera ,145, NRRL2385, AB016023, AY546690, DQ294610, DQ302788, DQ282619, AY997073,
710_Platygloea_disciformis,Basidiomycota,Platygloeales, Platygloea disciformis ,710,  IFO 32431, DQ234563, AY629314, --, DQ234554, DQ056288, DQ234556,
1004_Pleopsidium_chlorophanum,Ascomycota,Acarosporales, Pleopsidium chlorophanum ,1004, VR 8-VIII-02/8 , DQ525541, DQ842017, DQ782858, DQ525442, DQ782920, DQ525474,
940_Pleospora_herbarum,Ascomycota,Pleosporales, Pleospora herbarum ,940, CBS 191.86, DQ247812, DQ247804, DQ471163, DQ247794, DQ471090, DQ491516,
564_Pleurotus_ostreatus,Basidiomycota,Agaricales, Pleurotus ostreatus ,564, TENN 53662 , AY657015, AY645052, AY862186, AY786062, AY883432, AY854077,
625_Pluteus_romellii,Basidiomycota,Agaricales, Pluteus romellii ,625, ECV 3201, AY657014, AY634279, AY862187, AY786063, AY883433, AY854065,
1192_Pneumocystis_carinii,Ascomycota,Pneumo-cystidiales, Pneumocystis carinii ,1192,  GenBank,  S83267.1,  AF047831,  B, AY485631,  --, M86760.1,
1085_Podospora_anserina,Ascomycota,Sordariales, Podospora anserina ,1085,  GenBank,  D, --, D, D, X74799,  AF388930,
24_Polychytrium_aggregatum,Chytridiomycota,Chytridiales, Polychytrium aggregatum ,24, JEL109, AY601711, AY546686, DQ294584, DQ302770, DQ282604, AY997074,
Populus_trichocarpa,Plantae,, Populus trichocarpa ,, GenBank,  --, --, G, G, G, AJ006440,
744_Potebniamyces_pyri,Ascomycota,Rhytismatales, Potebniamyces pyri ,744, OSC 100199, DQ470997, DQ470949, --, DQ470900, DQ471068, DQ491510,
266_Protomyces_inouyei,Ascomycota,Protomycetales, Protomyces inouyei ,266, IAM 14512 , AY548295  , AY548294  , -- , AY548299 , DQ497611 , DQ497617,
1459_Puccinia_graminis,Basidiomycota,Uredinales, Puccinia graminis ,1459,  GenBank,  AY125409,  AF522177,  --, --, X73529,  AF468044,
283_Pyrenophora_phaeocomes,Ascomycota,Pleosporales, Pyrenophora phaeocomes ,283, DAOM 222769 , DQ499595, DQ499596, --, DQ497614, DQ497607, DQ491507,
387_Pyrenula_pseudobufonia,Ascomycota,Pyrenulales, Pyrenula pseudobufonia ,387, VR 14-VI-02/5 , AY641001, AY640962, DQ840558, AY641068, --, DQ782845,
342_Pyrgillus_javanicus,Ascomycota,Pyrenulales, Pyrgillus javanicus ,342, 03.24.03-9, DQ823110, DQ823103, DQ842010, DQ842009, --, DQ826741,
949_Pyronema_domesticum,Ascomycota,Pezizales, Pyronema domesticum ,949, OSC 100503, DQ247813, DQ247805, DQ471166, DQ247795, DQ471093, DQ491517,
724_Ramaria_rubella,Basidiomycota,Aphyllophorales, Ramaria rubella ,724, PBM 2408, AY707095,  AY645057, AY864866, AY786064, AY883435, AY854078,
659_Rhinocladiella_anceps,Ascomycota,Chaetothyriales, Rhinocladiella_anceps,659, WUC375, DQ823109, DQ823102, DQ840557, DQ840564, DQ840568, DQ826740,Ramichloridium anceps
20_Rhizoclosmatium_cf_globosum,Chytridiomycota,Chytridiales, Rhizoclosmatium_cf_globosum,20, JEL347-h, AY601709, DQ273769, DQ294581, DQ302768, DQ282601, AY997076,Rhizoclosmatium sp.
845_Rhizophagus_intraradices,Glomeromycota,Glomerales, Rhizophagus_intraradices,845, 4695rac-11G2 , DQ322630, DQ273828, DQ294603, DQ302794, DQ282611, AY997054,Glomus intraradices
43_Rhizophlyctis_rosea,Chytridiomycota,Spizello-mycetales, Rhizophlyctis rosea ,43, JEL318, AY635829, DQ273787, DQ294597, DQ302786, DQ282617, AY997062,
1241_Rhizopus_oryzae,Zygomycota,Mucorales, Rhizopus oryzae ,1241, GenBank, AF113440, AY213626, C, AACW02000219 REGION: 138893.. 141577 , AACW02000199 REGION: 121681.. 122907 , AB097334,
142_Rhopalomyces_elegans,Zygomycota,Zoopagales, Rhopalomyces elegans ,142, NRRL A-10835 , AY635834, DQ273795, DQ294596, DQ302785, DQ282616, --,
126_Roccella_fuciformis,Ascomycota,Arthoniales, Roccella fuciformis ,126,15572, AY584678, AY584654, DQ782825, DQ782866, --, DQ782840,
297_Rozella_allomycis,Chytridiomycota,Spizello-mycetales, Rozella allomycis ,297, UCB 47-54, AY635838, DQ273803, DQ294582, DQ302791, paralog, AY997087,
1069_Saccharomyces_cerevisiae,Ascomycota,Saccharo-mycetales, Saccharomyces cerevisiae ,1069, GenBank, Z75578, U53879 REGION: 24144.. 25525, X96876, Z75059, M10992, Z73326,
50_Sarcoscypha_coccinea,Ascomycota,Pezizales, Sarcoscypha coccinea ,50, OSC 100003, AY544691, AY544647, --, DQ497612, --, DQ491486,
1199_Schizosaccharomyces_pombe,Ascomycota,Schizosaccharo-mycetales, Schizosaccharomyces pombe ,1199, GenBank, X54866, Z19136, X56564, D13337, U42189, Z19578,
62_Scutellinia_scutellata,Ascomycota,Pezizales, Scutellinia scutellata ,62, OSC 100015, DQ247814, DQ247806, --, DQ247796, DQ471047, DQ491492,
80_Simonyella_variegata,Ascomycota,Arthoniales, Simonyella variegata ,80, 14310a, AY584669, AY584645, DQ782819, DQ782861, DQ782891, DQ782835,
216_Sordaria_fimicola,Ascomycota,Sordariales, Sordaria fimicola ,216,,  AY545724, AY545728, --, --, DQ518175, DQ518178,
430_Spiromastix_warcupii,Ascomycota,Onygenales, Spiromastix warcupii ,430, CBS 576.63, DQ782882, DQ782909, --, DQ782870, DQ782900, DQ782848,
185_Spiromyces_aspiralis,Zygomycota,Kickxellales, Spiromyces aspiralis ,185, NRRL22631, AF007543, DQ273801, DQ294599, DQ302790, DQ282621, AY997090,
182_Spizellomyces_punctatus,Chytridiomycota,Spizello-mycetales, Spizellomyces punctatus ,182, ATCC48900, AY546684, AY546692, DQ294586, DQ302773, paralog, AY997092,
697_Staurothele_frustulenta,Ascomycota,Verrucariales, Staurothele frustulenta ,697,53935, DQ823105, DQ823098, DQ840553, DQ840560, --, DQ826736,
492_Stereum_hirsutum,Basidiomycota,Russulales, Stereum hirsutum ,492, FPL8805, AF026588, AF393078, AY864885 -6 , AY218520, AY885159, AY854063,
675_Sterigmatomyces_hyphaenes,Basidiomycota,Agaricostilbales, Sterigmatomyces_hyphaenes,675, CBS 7811, AY665775, AY634278, AY788845, AY780933, AY879114, AY789077,Agaricostilbum hyphaenes
398_Stictis_radiata,Ascomycota,Ostropales, Stictis radiata ,398,  JP222, U20610,  AF356663,  --, AY641079,  --, DQ782846,
717_Suillus_pictus,Basidiomycota,Boletales, Suillus pictus ,717, MB 03-002, AY662659, AY684154, AY858965, AY786066, AY883429, AY854069,
635_Synchytrium_macrosporum,Chytridiomycota,Chytridiales, Synchytrium macrosporum ,635, DUH0009363 , DQ322623, DQ273820, DQ294605, DQ302792, DQ282622, AY997095,
265_Taphrina_wiesneri,Ascomycota,Taphrinales, Taphrina wiesneri ,265, IAM 14515, AY548293, AY548292, --, AY548298, DQ479936, DQ497616,
Thalassiosira_pseudonana,Chromista,, Thalassiosira pseudonana ,, GenBank, AF374481,  --, AAFD01000071 REGION: 25606.. 28760 , AAFD01000966 REGION: 31046.. 33994 , AAFD01001599 REGION: 5653 .. 7347 , --,
865_Tilletiaria_anomala,Basidiomycota,George-fischeriales, Tilletiaria anomala ,865, CBS 436.72, AY803752, AY745715, DQ234571, AY803750, --, DQ234558,
Toxoplasma_gondii,Apicomplexa,, Toxoplasma gondii  ,, GenBank,X75429,X75429,F,F,F,X75429,
962_Trapelia_placodioides,Ascomycota,Agyriales, Trapelia placodioides ,962,  AF119500, AF274103, DQ366259, DQ366260, DQ366258, AF274081,,
1036_Trematosphaeria_heterospora,Ascomycota,Pleosporales, Trematosphaeria heterospora ,1036, CBS 644.86, AY016354, AY016369, --, DQ497615, DQ497609, --,
52_Trichoderma_citrinum,Ascomycota,Hypocreales, Trichoderma_citrinum,52, OSC 100005, AY544693, AY544649, DQ522853, --, DQ471043, DQ491488,Hypocrea citrina
64_Trichoglossum_hirsutum,Ascomycota,Helotiales, Trichoglossum hirsutum ,64, OSC 100017, Y544697, AY544653, DQ471119, DQ470881, DQ471049, DQ491494,
144_Umbelopsis_ramanniana,Zygomycota,Mucorales, Umbelopsis ramanniana ,144, NRRL5844, DQ322627, DQ273797, DQ294598, DQ302787, AF157258, AY997097,
645_Umbilicaria_mammulata,Ascomycota,Umbilicariales, Umbilicaria mammulata ,645, 03.07.04-5, AY648114, DQ782912, DQ782831, DQ782873, DQ782903, DQ782851,
505_Ustilago_maydis,Basidiomycota,Ustilaginales, Ustilago maydis ,505, GenBank, X62396, AF453938, XM401478, AY485636, AY885160, AY854090,
674_Ustilentyloma_graminis,Basidiomycota,Microbotryales, Ustilentyloma_graminis,674, CBS 6403, AY657013, AY631901, --, DQ234555, --, DQ234557,Rhodotorula hordea
1037_Westerdykella_cylindrica,Ascomycota,Pleosporales, Westerdykella cylindrica ,1037, CBS 454.72, AY016355, AY779322, DQ471168, DQ470925, DQ497610, DQ491519,
958_Xalocoa_ocellata,Ascomycota,Ostropales, Xalocoa_ocellata,958, E-995, AF038877, AY605077, DQ366252, DQ366253, DQ366251, AF098411,Diploschistes ocellatus
63_Xylaria_acuta,Ascomycota,Xylariales, Xylaria acuta ,63, ATCC 56487, AY544719, AY544676, DQ471118, DQ247797, DQ471048, DQ491493,
51_Xylaria_hypoxylon,Ascomycota,Xylariales, Xylaria hypoxylon ,51, OSC 100004, AY544692, AY544648, DQ471114, DQ470878, DQ471042, DQ491487,
1076_Yarrowia_lipolytica,Ascomycota,Saccharo-mycetales, Yarrowia lipolytica ,1076, GenBank, AB018158, AJ616903, XM_501909 , XM_502376 , XM_501628 , --,
29_Zancudomyces_culisetae,Zygomycota,Harpellales, Zancudomyces_culisetae,29, COL-18-3, AF007540, DQ273773, DQ294593, DQ302782, AB077104, AY997089,Smittium culisetae
1068_Encephalitozoon_cuniculi,Microsporidia,, Encephalitozoon cuniculi ,1068, genome, AJ005581, AJ005581, AL590443, AL590449 REGION: 26605..30030 , NC_003231 , AJ005581,
1089_Antonospora_locustae,Microsporidia,, Antonospora locustae ,1089, genome, AY376351, --, AF061288, E, AY452734, --,
